Battery,cycle,r_internal_mohm,v_at_60s,v_at_300s,v_at_600s,dvdt_mv_per_s,band_39_38_s,wh_window,i_rms,t_rise_k,temp_at_600s,dtdt_mk_per_s,thermal_dose_kh,ohmic_heat_wh,arrhenius_x1e4,heat_per_wh,capacity_ah,soh
B0005,1,111.86381084710952,3.9163097743663897,3.818473978844075,3.745168859636383,-0.2900098375650408,290.828,1.2468868236288553,2.0129821298698785,5.109879967583783,29.498965095148662,8.97214055352528,0.5136843645756669,0.07554716975237975,3.3208110814999565,4.098110486653739,1.8564874208181568,0.9282437104090784
B0005,2,109.61847134244759,3.922449060870353,3.8250580989841216,3.750020268431241,-0.2959133021306964,290.9380000000001,1.2484819153408846,2.012955260577822,4.973383743205485,29.71151582690123,8.733595850029044,0.5594283659350398,0.07402880450690885,3.346056557136852,3.983544881262902,1.8463272497199268,0.9231636248599634
B0005,3,109.15770108150848,3.9243256432934746,3.827459593904727,3.7473488128088985,-0.29519082012365405,290.609,1.2868101207094067,2.0129774768224222,4.970080136790088,29.76153011520641,8.477904533385844,0.5894718207045998,0.07371925904215883,3.3529028082621712,3.8623259615413406,1.835349194223408,0.917674597111704
B0005,4,108.56030210145774,3.926379935974291,3.8298065408041184,3.7533239052801552,-0.2989443458970196,309.03100000000006,1.2490266177764489,2.012246934684054,4.867805218525518,29.56566893564105,8.567818249072475,0.5431232984808806,0.07326260246679187,3.3373494984246457,3.8972790085060938,1.8352625275821128,0.9176312637910564
B0005,5,108.11549721255327,3.9272677370856464,3.8306020431105123,3.7543891723448577,-0.29893697967250366,309.109,1.2498570926685861,2.0126562120039497,4.854387318637315,29.42601159017467,8.556924763647832,0.521503054033561,0.07299210622881791,3.3253048392338025,3.883953891298604,1.8346455082120416,0.9173227541060208
B0005,6,107.59240190243126,3.9289428131050337,3.832664143628351,3.751771108860441,-0.29682100308526926,291.047,1.2880526113716504,2.0128755279129886,4.958872120576121,29.539071827122324,8.480827902347803,0.5490302639104842,0.0726547800149613,3.3314243016878207,3.849898736120263,1.8356616600675493,0.9178308300337746
B0005,7,106.86196444203637,3.930337906312632,3.8344615806090525,3.7577719369028975,-0.2994156914248887,308.781,1.2508009126598902,2.012583041627687,4.8457305657356535,29.483938352675924,8.530680766210534,0.530951816448983,0.07214056195412485,3.3304385191260732,3.8741021985912747,1.8351461429226603,0.9175730714613302
B0005,8,106.30064967078415,3.9325733785089665,3.8367847313900767,3.759256469478744,-0.3004594915967189,309.375,1.2532282239050396,2.0128089664837843,4.7814322886224225,29.550603226383235,8.396414035626092,0.5455472445330037,0.07177774087098955,3.3381700543651283,3.815292536042281,1.8257567905665533,0.9128783952832766
B0005,9,106.26022900733128,3.932449831054593,3.8368788540275562,3.7595918939732615,-0.3003771447593396,309.23400000000004,1.2520181343580012,2.0128000297927082,4.808927433244907,29.49839268752325,8.422364476046365,0.5336131460623078,0.07174981036243083,3.3319522237278627,3.840940719050197,1.8247738529891333,0.9123869264945667
B0005,10,105.84502133104127,3.933217045105394,3.8376750429291087,3.760100359743255,-0.30078977422154257,309.094,1.2516261976521315,2.0124316518171725,4.793112902101036,29.41272455206107,8.428347931999951,0.5223127994585557,0.07144329284206723,3.3257963833926376,3.829508291766518,1.824613268496936,0.912306634248468
B0005,11,106.08952195643218,3.9330602845591103,3.8373446877485082,3.759579528808888,-0.3009143652748025,309.063,1.2519211463967879,2.012367228132742,4.801246307174122,29.28046726751891,8.440270187225458,0.4993776272190377,0.07160374122053938,3.313263723857933,3.8351028105826077,1.8246195526864504,0.9123097763432252
B0005,12,104.86043401224539,3.935692154722207,3.8401627928014586,3.7621883606163866,-0.3012669330643764,309.11,1.2537789081931714,2.012940558742377,4.776594556359793,29.573874916254955,8.370267765689105,0.5476797972353069,0.0708145176997063,3.339547250844891,3.809758263714432,1.814201935767392,0.907100967883696
B0005,13,105.15709134426261,3.9354942220004743,3.8399301354707482,3.761781386469672,-0.30177157956022366,309.15599999999995,1.2530535382980816,2.0124609977016616,4.751564786863039,29.545452479966,8.347662992260487,0.5447452097268851,0.07098102381542445,3.3379090553951647,3.791988643451495,1.8137521577549047,0.9068760788774524
B0005,14,105.58898032782697,3.934134976146785,3.838792448285744,3.756314388858056,-0.299479919418561,327.172,1.2894987265352305,2.0126058772765134,4.890429076176254,29.401301267844033,8.402671129884066,0.5317088813219285,0.07128281119517285,3.3223138116220983,3.7925039982911857,1.8134404914735824,0.9067202457367912
B0005,15,105.50732699619672,3.934628753202265,3.8391387743686827,3.7561694317837264,-0.30070003920152893,327.156,1.290082254243998,2.0125781400783103,4.830616997856051,29.35977138578669,8.285640576503946,0.5298867910718533,0.07122572400176651,3.3212053880755508,3.7444255836902776,1.8025980036306504,0.9012990018153252
B0005,16,105.52677340927578,3.9342275646139484,3.8383425492072685,3.759983954935497,-0.30265195773090187,327.82800000000003,1.2528751094554595,2.012476579464604,4.792571363078661,29.176661865095443,8.415456353140176,0.48349836507465827,0.07123166219372166,3.304328883691911,3.8252586605872225,1.8021069002461496,0.9010534501230748
B0005,17,105.37277999835949,3.9343450419312136,3.838644480613875,3.7597369146714033,-0.30307410083451386,327.78099999999995,1.2529711045256529,2.0125028192009964,4.785811230972534,29.19561958383468,8.413594557176847,0.48612031465976796,0.07112956986432162,3.3057683401639317,3.8195703106691647,1.8025795008262089,0.9012897504131044
B0005,18,105.40965327949118,3.934059940841657,3.8386205930283874,3.759738099804333,-0.3032131715843177,327.422,1.2526067292221243,2.0123934551415883,4.791977431922859,29.226909794071645,8.41361036565942,0.49040785630257555,0.071146727173184,3.308265430672745,3.8256040943502705,1.8030683142834096,0.9015341571417048
B0005,19,105.2450696129054,3.934415363666133,3.8387273535261595,3.7596239235745177,-0.3036837406740219,327.0,1.2524623814443607,2.0127476427686926,4.8083987526785705,29.217505978080816,8.455604153650421,0.4873327499883087,0.07106064787166391,3.3067479539868154,3.8391562284956167,1.802777624719604,0.901388812359802
B0005,20,106.13167695782377,3.9329795965018857,3.8389253822369622,3.7616433065339794,-0.29767920015886695,327.35900000000004,1.2529187386316207,2.012821352795511,4.902798319364585,29.523667155653467,8.588390705098977,0.5327515615435481,0.07166452686679739,3.3313588104802667,3.9131015988468594,1.8470259949329195,0.9235129974664598
B0005,21,105.4518515506241,3.9355545117429194,3.8419740100580175,3.764298735767394,-0.29759337078628023,308.937,1.2531329125932502,2.0121786567615527,4.8610486423008865,29.84284675222919,8.505859666901598,0.587005858817272,0.07116001573450821,3.3613303397529757,3.879116567325142,1.847417311283644,0.923708655641822
B0005,22,105.71795515297258,3.9344642400372796,3.8405101463955233,3.7626776054402025,-0.2986981861144667,309.5160000000001,1.2536528496086865,2.0119257947562206,4.868473442434361,29.497038823709172,8.532295512775098,0.5316037826793915,0.07132165647408786,3.3305169884357975,3.8834302845113777,1.8361774213478947,0.9180887106739474
B0005,23,106.24875488084795,3.9330140856536815,3.8389653621798376,3.760924620248809,-0.29938706536220944,327.172,1.2524585289074512,2.011840561113601,4.901881281032413,29.19106758148825,8.607335894408932,0.4793123172978328,0.07167368249704427,3.3020384585532008,3.913807258199949,1.825780747577624,0.912890373788812
B0005,24,106.40486038211645,3.9325875903097347,3.838344013046798,3.7601772992873066,-0.2993837470164072,327.53099999999995,1.2532145122878657,2.0125728907316147,4.947682330561456,29.066476972525567,8.664200666679845,0.45591947333670607,0.07183125474717118,3.2891926006084646,3.9479931664124903,1.8251136435078368,0.9125568217539184
B0005,25,106.15717739850629,3.9329994431769633,3.8384352610145656,3.75977568520746,-0.30045508922260394,327.687,1.2526445416986576,2.0122471172531062,4.930890670150017,29.022227642704905,8.665514302669822,0.45003523592100136,0.07164085165069653,3.28613122943232,3.9363845895687595,1.825581504220376,0.912790752110188
B0005,26,106.08923921606782,3.933017287251769,3.8383072025062788,3.755064454623757,-0.29941837962096873,326.906,1.2889605642723807,2.0124850585833465,5.037005452368415,29.03800860284172,8.59346614795462,0.46078036114547055,0.07161193586169928,3.2846563383916765,3.907804157850096,1.814031127508391,0.9070155637541955
B0005,27,106.62246441873187,3.9317465413148183,3.8372039266976037,3.7581776178226822,-0.30105124088005725,309.35900000000004,1.2513237828654904,2.011950132997084,4.976969264982973,28.849965289038376,8.743720703610045,0.4193194681044387,0.07193361574824012,3.269465800108582,3.9773632796987815,1.8147691941158937,0.9073845970579468
B0005,28,106.61567345591008,3.9315977819370556,3.8366940975584027,3.7576785170652864,-0.3014126031863705,309.312,1.2517467722216225,2.0124306872068884,4.97727065880656,28.81035138072392,8.743006284874795,0.41188240442404495,0.07196339877356724,3.2654609889656747,3.9762600305913405,1.813969388710352,0.906984694355176
B0005,29,106.32441596896052,3.9322778024902605,3.837209162086625,3.757711333682426,-0.30271902637296555,309.20300000000003,1.2524387247222957,2.0125680309786467,4.97778862230243,28.84418203972536,8.747023867632874,0.4186701734630241,0.07177660210108647,3.269118380407101,3.974476774028334,1.8027656651678232,0.9013828325839116
B0005,30,106.27338667660342,3.9320480387480474,3.8367588780278266,3.757207402747937,-0.30279996087825006,309.03099999999995,1.251865183272875,2.012628865618449,4.997853922779381,28.864080112943203,8.778187132440273,0.4192531024722885,0.07174649088986039,3.2695126196793827,3.992326002479753,1.804077040117352,0.902038520058676
B0005,31,95.31486371196178,3.9461482787659294,3.8486747866169613,3.765636836327563,-0.2988006007765624,327.71900000000005,1.2922684878463133,2.0124138692157376,5.377920312136908,29.17296975807452,9.116753932251884,0.44212181202711537,0.06433450804559035,3.275499843985314,4.161612205757425,1.8518025516704488,0.9259012758352244
B0005,32,94.16688987955061,3.9494418088137135,3.8510794392004186,3.765476152441568,-0.30576310463623724,327.782,1.2932626430173293,2.012398525019692,5.226833397596224,29.44720259358852,8.965417115066485,0.5040395197458986,0.06355869288926817,3.3080972506236956,4.04158693194866,1.8307038456739428,0.9153519228369714
B0005,33,94.55604043031458,3.9485403615711183,3.8494084785290332,3.7634448915489966,-0.30751200808892054,318.516,1.293159620058143,2.0125997593945755,5.275087337473639,29.296676632596608,8.985915503233226,0.47105055163800347,0.06383411771663797,3.29066863730722,4.079223674828682,1.8199041089501269,0.9099520544750634
B0005,34,95.32377971374966,3.946174890411713,3.8464111222173667,3.759640218167288,-0.30891470060175885,318.53099999999995,1.2918777522839762,2.012322613850115,5.272562062515696,28.85058081947716,9.067809232024437,0.3985959212897677,0.0643346909966082,3.2525438945991922,4.0813165589345175,1.8093079637028515,0.9046539818514258
B0005,35,95.0340870794678,3.946342535251862,3.8461894412934217,3.7591224895732696,-0.31042448178890525,318.5,1.2924117088816724,2.0123038166873983,5.299775067577983,28.893998419656924,9.0204011215137,0.40229803572540973,0.06413797714916813,3.254362232112051,4.100686361131697,1.80460990458052,0.90230495229026
B0005,36,94.78653645205394,3.94726096795807,3.8475284835456565,3.760541667815445,-0.3100822036997481,309.203,1.293110996790953,2.0126653733465716,5.297733924596756,29.297354575070447,9.077002834574584,0.4713836228126601,0.06399389636092241,3.290690652572243,4.096890319349127,1.7993770651972192,0.8996885325986096
B0005,37,95.24368016274488,3.9458034231735395,3.8454129714042997,3.7573439723158777,-0.3122825502846976,318.578,1.291481539018317,2.0122269681531484,5.32312147288577,29.09138413335504,9.089901537891206,0.43217548708620646,0.06427452087311404,3.2701787765904164,4.121717045163487,1.7884432335370462,0.8942216167685231
B0005,38,95.30790035211695,3.944893698526612,3.8438008735312152,3.755742345080725,-0.31351226775856816,309.109,1.2909332804563962,2.0122625400691643,5.38013408205688,28.92403772893105,9.169565606950055,0.39931920640527585,0.0643201334391271,3.252959067135835,4.167631405516782,1.7829230484252725,0.8914615242126362
B0005,39,96.04513237701863,3.9429505395791025,3.8414301580495667,3.7528207620082648,-0.31442433153706545,309.14000000000004,1.2908024528154323,2.0121192902970235,5.426400961055684,28.712368477944484,9.258725742527865,0.3631547470686543,0.06480843861858421,3.2339179136094454,4.203897311490148,1.7730337158018288,0.8865168579009144
B0005,40,95.94710241889013,3.943099735797133,3.8416665040632973,3.753023885476552,-0.31494493579777105,309.07800000000003,1.2907573487959543,2.0128734844415592,5.436067311868328,28.90039169334368,9.323897965292995,0.3939646867783223,0.06479083413059887,3.2501420151632026,4.211533110339605,1.773037755078937,0.8865188775394685
B0005,41,95.19884662371257,3.944965052191086,3.8436906810282783,3.754839967748031,-0.31528277648618536,309.203,1.2912666495142628,2.012311191510822,5.380652320070926,29.424336715752503,9.250586970243834,0.48783146667983407,0.0642496433798601,3.2993784041190697,4.166956780069377,1.7678721106662054,0.8839360553331027
B0005,42,95.04391953989678,3.9454229078400735,3.843986208222938,3.7547939115364737,-0.31616511735494185,309.13999999999993,1.2913517472722298,2.0125574211951647,5.349694302061739,29.630515690330395,9.218246528535447,0.5247993859105059,0.06416078194043118,3.3191141483524094,4.142708842391003,1.762315070409309,0.8811575352046545
B0005,43,104.63249002750733,3.9338361968007787,3.837169589895065,3.747908170275106,-0.30979498522918053,309.26599999999996,1.287697011659381,2.012270124912621,5.394546619435683,29.46441733876343,9.212803466022688,0.4933878736091322,0.0706135213409665,3.301918349920532,4.189298080675082,1.7676172924938447,0.8838086462469223
B0005,44,94.88739784975338,3.944844506785897,3.842413313599803,3.752130796298317,-0.3188340057632283,299.7180000000001,1.2908504144802555,2.0125728110194663,5.399952362487937,29.23919308213958,9.313974377274972,0.45523882959236783,0.06405609934405794,3.2822787085064262,4.183251832988069,1.762668359743147,0.8813341798715735
B0005,45,96.4351038295906,3.9411251477113654,3.838857636080628,3.748033636689077,-0.3192186775712842,299.672,1.2885570424876982,2.0119944226033164,5.44653945147984,28.81969758915953,9.437990295533469,0.3830102011420592,0.0650635037707095,3.244552760502563,4.226851642488957,1.7517304870664143,0.8758652435332072
B0005,46,96.46714396814,3.9403653558044094,3.837386437363125,3.746186747710927,-0.32095453339459534,299.625,1.2884497228769058,2.0123994049453735,5.515818458866882,28.778833035216003,9.476595756809635,0.3684015382277181,0.06511132466083154,3.2368196049962616,4.280972987095628,1.7418496047960008,0.8709248023980004
B0005,47,96.8639247899863,3.9393295535763206,3.8361238373862134,3.744571496600397,-0.321922036147015,299.75,1.2885923232198548,2.0123793789471733,5.504472110801519,28.745778014042468,9.540060487678398,0.36703574379352644,0.0653778340644896,3.235983694545124,4.271694011840211,1.7360913511847138,0.8680456755923569
B0005,48,96.89666812445547,3.9458996792829586,3.8501697515472513,3.7606637003428864,-0.30709635057903406,327.87499999999994,1.293072216478974,2.0122571866050163,5.384008980079436,32.06101364193198,9.240117249184284,0.9221101689732896,0.06539199204838049,3.5352956026358267,4.163734176224165,1.7936240148573608,0.8968120074286804
B0005,49,92.82829814116216,3.9521555281830985,3.8531472488962386,3.762703470228648,-0.3139725304104328,318.53099999999995,1.2936914160535864,2.0120231673216296,5.391107597383449,31.10455068613825,9.191475192844205,0.7582711692681994,0.06263182869105506,3.445096353037273,4.167228390390853,1.7831890223273277,0.8915945111636638
B0005,50,94.28017622987707,3.9478616853826476,3.8474965964361094,3.755794396132184,-0.3173139991380443,309.375,1.2922963664770715,2.0120038572765155,5.429546812799384,30.2941100642246,9.34161164492604,0.6250377940167131,0.06361019885201898,3.3726523571388687,4.201471855562721,1.7673642076278957,0.8836821038139479
B0005,51,95.18724511296705,3.945421492379451,3.8441585365459217,3.7516810776426137,-0.32000253074047647,309.188,1.2909487920253304,2.0120716204978257,5.492468044022861,29.87455811122293,9.412201966601826,0.5499395032928566,0.06422651811949419,3.332498827365736,4.254597918950677,1.7570177850353066,0.8785088925176533
B0005,52,95.76441503117847,3.943545734897691,3.8413389792795978,3.7483521497342034,-0.3217148057210784,309.25000000000006,1.2906632325921736,2.012109968270158,5.509429572901613,29.55093029946034,9.49411503137761,0.49531887798698854,0.06461842003557336,3.3034372333345847,4.268680964775336,1.7468706179837907,0.8734353089918954
B0005,53,95.69425488336107,3.9429253485671962,3.840623311876718,3.746993128293772,-0.323265875022532,300.078,1.2900876604995657,2.0124217816375496,5.5015888287244366,29.53187096724578,9.48526044609392,0.4956676117049908,0.06459109296209277,3.3036297975659186,4.26450775181745,1.7417172507457144,0.8708586253728572
B0005,54,95.60946894506807,3.943396599763273,3.841048728914269,3.747479417089835,-0.32399324404125657,309.047,1.289578722945419,2.012525045095343,5.511804924772289,29.85518975164209,9.531213482977746,0.5490443617093108,0.0645404877206314,3.3321640894870015,4.2741127987776,1.7364225056478186,0.8682112528239093
B0005,55,96.3443157480458,3.941602846622539,3.8384699354821588,3.744735037159741,-0.32556704569886785,299.7819999999999,1.2888873088055925,2.012463124871268,5.540116963638045,29.676897519505324,9.51288649943345,0.514228084669654,0.06503253884266973,3.3136586108092705,4.298371879208006,1.7263217239235826,0.8631608619617913
B0005,56,96.90594529659256,3.939656817120346,3.83639377643613,3.7419017363903344,-0.327097373344986,299.65700000000004,1.2883501926929761,2.0124099710233185,5.511832111518427,29.50870058183009,9.547976583499214,0.4937539567306829,0.06540818421827688,3.302501973352707,4.2782095603970145,1.7158065389330133,0.8579032694665066
B0005,57,96.85388497205373,3.9390815410944304,3.835338735779928,3.7405475171848166,-0.32799145726536616,290.40599999999995,1.2873398684557216,2.0123148531057855,5.522257281480197,29.381879979290165,9.577290914007794,0.4729741487351084,0.06536686563125906,3.2918343573057025,4.289665392018531,1.710533351135192,0.855266675567596
B0005,58,96.95104843691057,3.938943652837673,3.8349249466053963,3.73979484787207,-0.32910806265589687,290.344,1.288340514988405,2.0128928597340643,5.562567057833171,29.54869320727269,9.689970675747222,0.4975022406311017,0.06547003576510234,3.304557016048391,4.317621772442073,1.706014499648521,0.8530072498242605
B0005,59,96.32192297439589,3.9402027491595737,3.8362351230672505,3.7407620046737686,-0.3303159470304162,299.65599999999995,1.2879882630797357,2.0123362422014406,5.544150086937165,30.028890800583767,9.611793985060972,0.5758785502090995,0.06500922545481791,3.3463845133156376,4.304503578068664,1.7003110272642588,0.8501555136321294
B0005,60,96.92222050760782,3.938587790068488,3.834017621538161,3.738186466279398,-0.3312618427113391,290.438,1.287898339296976,2.0124260472377977,5.502280158420497,29.78516998307548,9.570364268749904,0.5435778659024448,0.06542021463791421,3.329002301609324,4.27229385311889,1.6945798601797897,0.8472899300898948
B0005,61,96.88170367393545,3.9378658565739717,3.832800799964906,3.7361946713696255,-0.33347558693697443,281.062,1.2878011062537518,2.0125719007732092,5.536316757941091,29.69234688750177,9.58323450167566,0.524698110024516,0.06540234596180668,3.31886092402163,4.299046437416401,1.6849029086609286,0.8424514543304643
B0005,62,97.41821253195913,3.936068482729402,3.830195411924787,3.733768525133775,-0.3346460614052128,281.063,1.2857258175345492,2.01233179834677,5.559846015168031,29.51676892722436,9.645442312209742,0.49335065958494867,0.0657488386401764,3.3026316786425487,4.324285893106934,1.6744741591159715,0.8372370795579858
B0005,63,97.553919615234,3.9359236325461735,3.8302437979335577,3.7331849238786208,-0.33505614718788107,281.062,1.2867649408558708,2.012751978522024,5.536119967721497,29.656227486148925,9.647176615919545,0.5192257722515152,0.06586792732381448,3.3160692556570424,4.302355303556247,1.6745692479879102,0.8372846239939551
B0005,64,97.68713718966089,3.936051355333412,3.83040794815979,3.73258518663704,-0.33726979560531223,281.125,1.286128339608393,2.0120299626889975,5.352815436165724,29.792450410959805,9.279024888822352,0.5545750239791926,0.06591056275061809,3.3349094036660327,4.161960569032774,1.663716375981405,0.8318581879907025
B0005,65,96.37790612595369,3.9370765744417615,3.830097357756253,3.732451246771309,-0.338914432321253,281.0,1.2865680178616756,2.012212840349205,5.539775570051159,29.88216142642443,9.637849730742516,0.5582167841644557,0.06503903192095237,3.336723227204713,4.305855184600713,1.659013868748246,0.829506934374123
B0005,66,97.93103491701838,3.9339312778853497,3.8269232146866314,3.7286197865487094,-0.3393793980859485,271.812,1.2859746753860701,2.012415394764919,5.553182708243295,29.700248738775866,9.691094523222342,0.5300473581280893,0.06610044079820761,3.321568133303639,4.318267547979621,1.6538540573335014,0.8269270286667507
B0005,67,98.5959943761386,3.9319135215661842,3.824473696523328,3.726480866595837,-0.34055259288349166,271.469,1.2838973202990251,2.0124540439878236,5.567340832020697,29.56967502458896,9.70993321865745,0.5073485964041652,0.06655182424397876,3.3098180218559015,4.3362819938934365,1.6426537821301308,0.8213268910650654
B0005,68,98.90856974830423,3.930677263266014,3.823089627631465,3.724380481116696,-0.3418134867687298,262.32800000000003,1.2835190774051077,2.012242085935684,5.5722345295954945,29.57282010534753,9.737596883734694,0.5076691377676928,0.06674874852189364,3.3099654500155076,4.341372580811879,1.6378578430223698,0.8189289215111849
B0005,69,98.6874092304098,3.930959761503311,3.8224982409125516,3.7240402260653824,-0.34290868299873234,262.329,1.283938326716256,2.0126255013563834,5.575094494941581,29.63427689510571,9.745387405698875,0.5189056432663821,0.06662488001586589,3.3158671580269314,4.342182470088105,1.6327350407099108,0.8163675203549554
B0005,70,98.74507612564405,3.9306060838350807,3.822061075492951,3.7228727837763618,-0.34439517179983165,262.281,1.283807420826972,2.012371887204642,5.571078272863566,29.664933368478422,9.74349476420387,0.5248895652943476,0.06664701175901343,3.3190547526249112,4.339496861043943,1.6277528915533617,0.8138764457766808
B0005,71,99.08126358793456,3.9290545203839704,3.8201312364766262,3.720591114775894,-0.34516042423615384,262.563,1.2833331898971092,2.0127304180635393,5.577086769035333,29.637077315766263,9.77636263571105,0.521481046530677,0.06689774924056983,3.317172020508606,4.3457823836711285,1.622125485521159,0.8110627427605795
B0005,72,99.3087989636027,3.9281909111989473,3.818891705813233,3.7190819964685793,-0.3462511562042349,262.36,1.2825029374492751,2.0124807388789967,5.573927145304598,29.59711362798844,9.787827177356453,0.5163666023730915,0.06703474230402127,3.3144611484271613,4.346132069210216,1.6113256603765849,0.8056628301882924
B0005,73,99.61305956617598,3.9269974081066183,3.8174457317180157,3.7175379648004063,-0.3475787263326581,252.875,1.282081989274618,2.0126140743929737,5.598668943577486,29.615134490489893,9.830590869731362,0.5172843976061127,0.06724903239325382,3.314962537719899,4.366857182624589,1.6065631397488385,0.8032815698744192
B0005,74,99.94052361181065,3.925981714075283,3.815991273256789,3.7157909350979192,-0.3488267936164311,252.891,1.2817595654367278,2.0124751173591893,5.579548305483058,29.58918250236227,9.820475205720353,0.5161041782163889,0.06746078784838593,3.314229011601443,4.353038164050655,1.6015142233917594,0.8007571116958797
B0005,75,100.34771348775467,3.925053594041762,3.814415304823997,3.713799959914727,-0.3503292419778096,243.56300000000002,1.281358377918923,2.0122738140727456,5.583540422499922,29.54560867029881,9.834662883394309,0.5078899824240656,0.0677220946159879,3.309867639956594,4.357516615740438,1.590369231400328,0.795184615700164
B0005,76,100.31892219745414,3.9242009139070806,3.813032125338611,3.7119772527549575,-0.3518770237162642,252.89099999999996,1.2804017289244123,2.01265212292392,5.587469729183564,29.48882350207403,9.865029637636162,0.4999640640244617,0.0677281228006787,3.3058644176486904,4.363841131234068,1.5857889968242211,0.7928944984121106
B0005,77,100.24039099200384,3.923792234687892,3.8125561834879886,3.7110037558097217,-0.35255007898302726,252.93699999999998,1.280533255687321,2.0125220707225413,5.498804062572681,29.42169928516624,9.707523804251027,0.4954017409845115,0.06766635849140189,3.303379352615369,4.294151704495343,1.5849430707374117,0.7924715353687058
B0005,78,98.45560261081579,3.9284166289842837,3.8173195931949775,3.7162368230908185,-0.3520193297661281,253.01600000000002,1.2823161557130445,2.012309773130648,5.542246750535064,30.034020377099463,9.758352830708729,0.5914238142123158,0.06644753233295107,3.3544898736900284,4.3220595216265085,1.5955263892495937,0.7977631946247968
B0005,79,101.31320582371491,3.9213058399335665,3.809800711990448,3.7079900488626496,-0.35368992318945575,243.578,1.2790396724293658,2.0118297487669987,5.566983310081103,29.40764113963086,9.818551673255536,0.48958599779959827,0.06834350674184139,3.300280739658744,4.352471178245283,1.5747301747801037,0.7873650873900518
B0005,80,101.94208794782622,3.918415053983285,3.805821225323489,3.7038816374624695,-0.35534163797126894,234.24999999999997,1.2780580052849222,2.012496731849921,5.635903680078105,29.05681107069704,9.957654778067647,0.4287115193542487,0.06881334061063413,3.268090930662974,4.409740134464141,1.5649019950937946,0.7824509975468973
B0005,81,101.9675405970197,3.9183412097546704,3.8050946032383473,3.7028645482563953,-0.356890082669245,234.23399999999998,1.2778950239352587,2.0126516898474898,5.641362621639441,29.168880082807412,9.962938095662736,0.44595237433354074,0.06884112177352453,3.2772422742268317,4.414574371114576,1.5597659473370362,0.7798829736685181
B0005,82,102.05335191864383,3.918891388336102,3.8062326165787765,3.7035593246358585,-0.35738873763407386,234.18800000000002,1.2784826557541278,2.012927541439208,5.6549402220811125,29.65983600280824,9.951488451263836,0.5254723683097002,0.0689179431183323,3.3193414152384575,4.4231653801712945,1.5594815668184234,0.7797407834092117
B0005,83,101.679721784185,3.91984700277043,3.807287621763287,3.704174146283608,-0.3585996852994443,234.18699999999998,1.2795055402868123,2.013077269405026,5.563439899433121,29.924751076613997,9.841107513955974,0.5787515173244969,0.06867584139183795,3.3475682420801074,4.348117084499711,1.55468935359061,0.777344676795305
B0005,84,101.95755107683227,3.918316319434456,3.805038475491771,3.7016639089996817,-0.3599821730553169,234.20299999999997,1.2779213366188518,2.0129418602084894,5.568614975552336,29.799417189977355,9.874096125176067,0.5580974004698223,0.06885422714141448,3.336797426495115,4.357556929353635,1.5488741079890418,0.7744370539945209
B0005,85,102.367776570352,3.916853186459822,3.8025377649557983,3.6988268326408233,-0.3619387949576637,224.7189999999999,1.2769962160481112,2.012428776567772,5.564481933665391,29.59141498275692,9.867684502688917,0.5259652128041832,0.06909602406368438,3.3196147703585455,4.357477229561146,1.5382365989425582,0.7691182994712791
B0005,86,103.49882390112369,3.913366072882429,3.798508325613796,3.6945447627510952,-0.362713753723728,215.531,1.2763691023472126,2.0124813402450297,5.604853193080821,29.289701536565538,9.953233527600581,0.4751243838375592,0.0698631058657467,3.2923624872523276,4.391247941346769,1.527914258251028,0.763957129125514
B0005,87,103.43574589524597,3.913324822056193,3.7985157757362638,3.6944577866011934,-0.363313538225748,215.718,1.2765516825215202,2.0127650673692377,5.633387704757602,29.50788556153359,10.008668046836261,0.508833938165418,0.06984021586312265,3.310354043604268,4.412972684059452,1.5285252629756445,0.7642626314878223
B0005,88,102.72316139686025,3.9151965417408086,3.8003349621954894,3.6957544774600666,-0.36439159748573463,225.01600000000002,1.2760183160414917,2.0121272620901163,5.618713908090225,29.888189947297512,9.975411007491038,0.5711635052481369,0.06931512598943848,3.3436585691787992,4.403317599327879,1.5226473252843782,0.7613236626421891
B0005,89,102.82427649991205,3.9143799315393615,3.7992874580539966,3.694480888628614,-0.36548259685197954,215.37500000000003,1.275635085165108,2.012676659009845,5.587221971396801,29.91561257452189,9.950805323192158,0.5798811200896037,0.06942125046453307,3.3483279874600935,4.379953198507107,1.5174859938489869,0.7587429969244934
B0005,90,90.0744288397315,3.9422663201463433,3.828803588643687,3.727556958139562,-0.3496520940654745,262.39,1.2864549595011507,2.0126325290006215,5.75675658192705,29.889682808801545,9.916618131411301,0.5316345020962125,0.06081059347424564,3.3227813801078403,4.4748994431638325,1.605818899130659,0.8029094495653295
B0005,91,98.96421430874233,3.9259860864218057,3.8136993972489512,3.709409167462202,-0.3598031837315749,243.81300000000002,1.2816549335486878,2.0131021176179575,5.658410155045843,30.403532441500648,9.991761686079059,0.6495756300035815,0.06684340151304838,3.3856896960209313,4.414924803026859,1.5638491446744425,0.7819245723372212
B0005,92,100.72651194365517,3.922115447702684,3.809544787449017,3.7047069097655423,-0.3623651032714242,243.578,1.2788757639938155,2.0122994949789943,5.585031679038696,30.346768732320324,9.912898602480393,0.6474440790912193,0.06797947105814521,3.38471102449521,4.36714170076782,1.5480915247767786,0.7740457623883893
B0005,93,101.22894549831369,3.9196303437351956,3.805851470398737,3.700681640615824,-0.3644981463458225,224.79699999999985,1.2780948232980007,2.012416825366083,5.588591208513087,30.112934926651807,9.943605576770363,0.6102940675740014,0.06832652629621029,3.3645230998772346,4.372595136636471,1.5323755631868592,0.7661877815934296
B0005,94,102.10960070643972,3.916818012109894,3.802249941149259,3.6965601177177976,-0.36653154110870856,224.89100000000002,1.2767407160289523,2.012377296328173,5.636041939979734,29.91924446158109,10.01428997012523,0.5773689441763369,0.06891823481687627,3.3469048704747157,4.41439821666338,1.5269528268489705,0.7634764134244852
B0005,95,102.52727684229629,3.915444472404523,3.8003600578676595,3.694263533596131,-0.36796677613707995,224.84299999999996,1.2761311058013058,2.0123655338297053,5.637355534098333,29.80556310536212,10.01461633210887,0.5588857943446012,0.06919933374829836,3.3370359249197397,4.417536339699623,1.5169573017136326,0.7584786508568163
B0005,96,102.65501916891972,3.914377956893867,3.7987563990650117,3.6925918797333055,-0.3690455268656967,215.687,1.276333410257975,2.012591477899262,5.629721951349104,29.858027274524783,10.01962374795178,0.5692670722400809,0.06930111096142584,3.3424930532612804,4.4108552719083125,1.511897596014269,0.7559487980071345
B0005,97,102.94315728917499,3.913629847551543,3.797979231569856,3.691141785600144,-0.3705548309673087,215.48400000000004,1.2758898578259517,2.012635721643901,5.6377173656271395,29.886557016021708,10.026911860367596,0.574639201258235,0.06949868492237361,3.3453165502281546,4.418655208399814,1.5065638960681105,0.7532819480340552
B0005,98,103.13165165876397,3.9128136135550946,3.7964501261697974,3.6893941192261694,-0.37198809434317265,206.125,1.2752733859435905,2.0127352658358233,5.615964399766625,29.904934457772907,10.016388573534618,0.5794653416530021,0.06963282820794484,3.347958919651489,4.403733710486951,1.5015453526671363,0.7507726763335681
B0005,99,103.61417358220936,3.911251829624801,3.794657136285983,3.6873498441151846,-0.37293320854475664,215.28099999999998,1.2740204304736524,2.0125145803448827,5.638713872258755,29.886545180578494,10.036930351053407,0.5757956891521382,0.06994327890573315,3.3461380455474625,4.425921074250282,1.4908444050400238,0.7454222025200119
B0005,100,103.70275462960433,3.910599244861161,3.793769278543593,3.685946419211228,-0.37419159841659805,215.51499999999996,1.2737669781902883,2.012468784911276,5.654406098194823,29.936719874261588,10.058055090560133,0.5833735861607432,0.06999988843605676,3.3500811475026895,4.4391212796459465,1.485868384561201,0.7429341922806005
B0005,101,104.07818451908135,3.9095106407381466,3.7921906519550226,3.684138002413476,-0.37528766605379915,206.01600000000008,1.2732898094824248,2.0123512432722164,5.63906423324552,29.927381736442857,10.066052717272232,0.5837935426938039,0.07024509924046775,3.350314849991014,4.428735855144968,1.480413677976106,0.740206838988053
B0005,102,104.14166702424664,3.9089998979132123,3.7907968736992954,3.682493971636291,-0.37661878099514223,206.0930000000001,1.2737678096964324,2.013034973161755,5.651818517706143,29.91771088213861,10.076077818404295,0.5831485939631881,0.07033571636684417,3.3498025061734666,4.437086943697453,1.4752095869031632,0.7376047934515816
B0005,103,106.38940263750075,3.905389413084603,3.7901667012637925,3.6825784850114833,-0.37240912422475525,196.703,1.2727322391025433,2.0124700958019446,5.589155760379818,29.944767883634945,9.988141731440738,0.5929751034496938,0.07181348310414432,3.355200572718774,4.391462389858974,1.4859035988304024,0.7429517994152012
B0005,104,100.23538959852996,3.918209748159093,3.8007478419751193,3.692374774588352,-0.3760805315437029,224.828,1.277135862056589,2.013106614008148,5.62092928479219,30.6935689685811,10.02428114031147,0.7094120029970633,0.06770229390148368,3.4179188453714513,4.401199161176739,1.4960918298136696,0.7480459149068348
B0005,105,103.44314239153225,3.911216188187241,3.7943551952971784,3.685503822860053,-0.3770765996822146,215.656,1.2744224273128297,2.012533775761934,5.611976466226519,30.488091512784,10.03502253903027,0.6799981753938357,0.0698291587708818,3.402080749977318,4.40354496747173,1.4808005946928984,0.7404002973464492
B0005,106,103.6767764681807,3.9097721747807057,3.791473722534729,3.6822747383178,-0.3795290417554569,205.969,1.272755155116975,2.0124861903920364,5.6335517778802355,30.338709587649397,10.087002945547905,0.6545680984597295,0.06998356357938064,3.388444322578337,4.426265142381194,1.4697543268466824,0.7348771634233412
B0005,107,107.37564132702147,3.90164945297134,3.783468342257494,3.674460512560544,-0.38056171056428795,196.719,1.2699220280206656,2.012879643277814,5.597419740552489,30.056115401023952,10.020750434509443,0.6168832626325681,0.072508702861179,3.368283164547891,4.407687729676425,1.4539012274845928,0.7269506137422964
B0005,108,105.35468297521521,3.904983862716595,3.7857446672376738,3.676253866440313,-0.3817069107425257,196.531,1.2709081328972676,2.0129973555444574,5.683075343944758,30.08483173388823,10.152069745756126,0.6098850638608487,0.07115230978181335,3.364482380320353,4.471664943231693,1.454146206723569,0.7270731033617845
B0005,109,104.61237153481545,3.9062330987977054,3.7870121371734777,3.679705049458795,-0.3838707852179369,196.75,1.253973538552319,2.0133161447271295,5.618637347375355,30.359295395204725,10.194333039719394,0.646994988883934,0.07067336164885156,3.3893303267213124,4.480666596730527,1.455023751906683,0.7275118759533415
B0005,110,105.36634768463985,3.905002711011816,3.785958078091335,3.675199441370639,-0.3840720098705503,196.6409999999887,1.2711163717437082,2.0123812372917294,5.638498275880323,30.51699593562241,10.065915312772791,0.6862706362958376,0.07111663431494974,3.405520969501418,4.4358631524393575,1.4490421637612358,0.7245210818806179
B0005,111,105.87770884274737,3.9029685430503838,3.783121940660865,3.672116168657076,-0.38554258431477656,197.01600000000002,1.2707628203071044,2.0128924304296345,5.648396594636193,30.256686609029003,10.10557786927997,0.6435718356310169,0.07149808629840389,3.382414306778552,4.444886570785214,1.4386709371480566,0.7193354685740283
B0005,112,106.27125592470883,3.901148464404603,3.780601961312244,3.6696828752681,-0.3863985926788447,187.34300000000002,1.2697110686751512,2.012633679179729,5.674431025760661,30.080115633192268,10.14944199771842,0.613101117548072,0.0717453955752551,3.365945944663324,4.469072662083278,1.4334454321569792,0.7167227160784896
B0005,113,105.78600791979878,3.901877694681118,3.781134282611788,3.66969778521096,-0.3878664928712772,187.14100000000002,1.2692029407369412,2.012816048854342,5.666078219506254,30.33674926121931,10.167665660864436,0.6578300854767346,0.07143074028844261,3.3902350355060786,4.464280721108589,1.4333958900838095,0.7166979450419048
B0005,114,106.06944928493017,3.9017879594120606,3.781566017453893,3.6696384699315208,-0.38849707748410117,187.188,1.2698802078942153,2.012714572619768,5.6390492760146955,30.607271154218783,10.101146519073366,0.7033276839447604,0.07161490920457281,3.4146836122164124,4.440615139096998,1.42806487344776,0.71403243672388
B0005,115,106.22739600791166,3.900747883107827,3.779835720142033,3.667691611312617,-0.3894052203457451,187.375,1.2698120742925105,2.012761702673222,5.643137506965932,30.465537464032273,10.106679435516645,0.680866220375346,0.07172490901864292,3.4024213488756856,4.444072962615406,1.4229203181741186,0.7114601590870593
B0005,116,107.13523875484123,3.8982774900691557,3.7768451205422275,3.664518057079873,-0.39066426761423884,177.95399999999998,1.268069781415989,2.0123750273389205,5.661145945789578,30.260971912157856,10.145118601926423,0.6470035537136666,0.0723100946472485,3.3842155425808764,4.464380453470048,1.417429032731308,0.708714516365654
B0005,117,107.56895874289982,3.896410452365094,3.774114007669057,3.6615864554707303,-0.39162772115959316,177.98499999999999,1.2686058832427514,2.0128384910545667,5.68952996163128,30.06696700798276,10.175859823191937,0.6137172921211733,0.07263627628046347,3.3659063143235426,4.484868024644476,1.412409228794446,0.706204614397223
B0005,118,107.02849331772735,3.897253327610448,3.775078191489862,3.6622632496424,-0.3927160712810191,168.625,1.2678198217695744,2.0127069189900966,5.671761979493095,30.324039113482147,10.16296721581756,0.6556081618971717,0.07226187738134014,3.388831097067481,4.4736340938231,1.4125787929401932,0.7062893964700966
B0005,119,106.70632861942671,3.898712203326304,3.776569991396132,3.6631640585133263,-0.3939527855759267,177.96899999999997,1.2690153053161772,2.012924562728689,5.666592279995147,30.70737482113734,10.141169631405942,0.7206358056895663,0.07205994495252577,3.4238421134061925,4.46534589161894,1.4075983731469897,0.7037991865734948
B0005,120,109.44623217396018,3.896747590481201,3.7794567025031216,3.668336250441319,-0.3845900980685573,187.203,1.2687573931784368,2.0129057100386936,5.435296538820992,30.614369124987288,9.772917698255608,0.7220736107154513,0.07390884718657886,3.4249492647400617,4.283952604370422,1.4333920485221476,0.7166960242610738
B0005,121,103.04378832003235,3.9085874793004187,3.788294092586994,3.6748918036897886,-0.39074599499652934,196.657,1.2715132394372142,2.0118526621265844,5.607886037838988,30.84487462422533,10.078211142524912,0.7426146749246313,0.06951250037955124,3.43615407938867,4.410403182526908,1.4382550176792908,0.7191275088396454
B0005,122,106.25750041713079,3.9005284237493143,3.7797100017836684,3.6665700006300703,-0.3923198686041243,187.406,1.2694928866283692,2.0126841945329637,5.594533749031161,30.471559786136822,10.039028601307873,0.6856145438725612,0.07173971008880067,3.405058598000073,4.406904369420781,1.4173547174485526,0.7086773587242763
B0005,123,107.00462542627363,3.8973079382942935,3.775309866556026,3.661471266071514,-0.3944645879257251,168.62500000000006,1.267814000435379,2.0125746983168993,5.652894339817038,30.14062078547723,10.115617587293157,0.6278255857682017,0.07223627085575238,3.3738529386446503,4.458772610079856,1.4069816636776429,0.7034908318388214
B0005,124,107.66645511930372,3.89499749019924,3.7724119678479404,3.658419753857848,-0.39575644907400614,177.98399999999998,1.2662488051935006,2.012657189240064,5.673590709573084,30.03351310077931,10.173162138397622,0.6089859699257313,0.07268901465171887,3.3640086883366953,4.480628677636604,1.4012037783587623,0.7006018891793812
B0005,125,108.24135070384784,3.8939340340349,3.770837572440368,3.6567132600748784,-0.39688122793628106,168.531,1.2665142556995803,2.012868953101229,5.678831562164397,30.02935419010345,10.16925630221197,0.6064935239855231,0.07309252335396332,3.3624380680593755,4.483827589471229,1.3967008232726328,0.6983504116363164
B0005,126,108.38738695703339,3.8925260794983068,3.7692087623089066,3.654522777648336,-0.3982049399246448,168.79699999999997,1.2662444824704222,2.012938800967822,5.684643960868595,29.99114666470889,10.171867105977036,0.6021671230331834,0.07319621742470493,3.360033702167717,4.489373134150166,1.391284788852726,0.695642394426363
B0005,127,108.89452815047449,3.8909452378918314,3.7669790818367477,3.652253585332597,-0.3993483754509489,159.31199999999998,1.2655942587219116,2.0122633182657728,5.688205285459102,29.94931653424409,10.173142573752775,0.5971545542819099,0.07348935369379984,3.3570682554964444,4.494493591653507,1.3862287677978349,0.6931143838989174
B0005,128,109.33460622937261,3.889224769312594,3.7648333736464368,3.6500181357714094,-0.4004557596000408,159.25,1.2638428815124523,2.012362571569612,5.6991232410734085,29.840108048959056,10.192568984323191,0.5775860633255101,0.07379362707512845,3.3470246974118663,4.5093605577405445,1.3804366761974138,0.6902183380987069
B0005,129,109.29991840982251,3.8888528254986037,3.76386549523562,3.648297197277704,-0.40227330813743034,159.25,1.26375135266283,2.0124783425721935,5.708125615733987,29.786287475919,10.234285128989654,0.5679479108370151,0.0737787033206755,3.34181666013107,4.5168106872499,1.3752364150256224,0.6876182075128112
B0005,130,110.74360740010466,3.886101543894917,3.7610563724776473,3.645583591018352,-0.4026997928007462,149.875,1.2628541532972601,2.0122422711634362,5.69726370270271,29.78362208911437,10.198058930403402,0.5696122506210031,0.0747356733642058,3.3426153495491855,4.511418589254657,1.3705128024895008,0.6852564012447504
B0005,131,110.19289159017043,3.886846328906649,3.7616261062307315,3.645532995867784,-0.40388771419858244,150.031,1.2632252852416792,2.012121518259865,5.721085240119731,29.83197351564336,10.243882894692142,0.5757542987542736,0.07435509628751456,3.345879592614701,4.528950858536035,1.37050855662704,0.68525427831352
B0005,132,110.43031782756655,3.885371384712905,3.759634524838754,3.643428477910286,-0.4051042574810071,159.203,1.2623279235629723,2.0122337939996555,5.720150070703458,29.755292347086247,10.238074799682211,0.563945949396024,0.07452362099688106,3.3395917792744294,4.5314295627384205,1.3647355108681518,0.6823677554340759
B0005,133,112.4752696905795,3.885435987628531,3.7634618246997174,3.6483351193484217,-0.399350088278568,159.42200000000003,1.2637093191181445,2.011822276868383,5.557503445637309,30.30368997128393,9.985476740430718,0.6681279785956755,0.07587260902054714,3.395591279342908,4.397770406184475,1.375392016895762,0.687696008447881
B0005,134,106.08486413012785,3.8974632529137785,3.7734112139824525,3.656953498253853,-0.4034951073316165,168.656,1.2672424125334525,2.012729386181303,5.663636859945182,30.53689505332988,10.187377146318363,0.6942284979582928,0.07162637117276134,3.4097161609190327,4.469260816975438,1.3861115151535393,0.6930557575767696
B0005,135,108.24700036474121,3.891605000164458,3.7664695145976825,3.64969888885654,-0.40634180368415507,159.156,1.263769275318451,2.0122367267977688,5.709630227323512,30.313720566379953,10.251769174560561,0.6560075213810397,0.07305042766214617,3.389363075425834,4.517937204862628,1.369850003583894,0.684925001791947
B0005,136,109.97946033789552,3.887081878286007,3.7617204962840853,3.644598372465449,-0.40696312843620996,149.875,1.2631846608369146,2.0124152394560526,5.729359156616276,30.08698002804137,10.253287177202104,0.6191073772935263,0.07423274645429807,3.3690703916195246,4.535646556078608,1.3647827949260758,0.6823913974630379
B0005,137,110.52597071335894,3.8843582726970642,3.7583144887238698,3.6410551308884807,-0.40813128469622034,149.79700000000003,1.2616382741878223,2.012486114045829,5.787108559524331,29.827726513249623,10.329936268402237,0.5720934729228174,0.07460687894835319,3.3439461308053495,4.586979230041014,1.3543220466259964,0.6771610233129982
B0005,138,110.20166409356982,3.8855426509272735,3.7595983285312347,3.641997407747648,-0.4091204271020736,159.297,1.2627197298942812,2.01232613339982,5.742487932976918,30.16440854219204,10.29664269249235,0.6313389205651573,0.07437614022598778,3.3755814530918924,4.547713793509583,1.3546417018378962,0.6773208509189481
B0005,139,110.24333982895044,3.8860856625917233,3.7600721343342434,3.6421721557128817,-0.41018957434070596,149.90599999999998,1.2628754276900058,2.012691523606992,5.708597317039139,30.37560934828499,10.224317766449651,0.6703519454720747,0.07443129008939695,3.3967353849540296,4.520317041468647,1.354703921319241,0.6773519606596204
B0005,140,110.460988337939,3.8844218921883273,3.757677997682795,3.639295495894953,-0.41187902238240504,149.81300000000002,1.2617476134501893,2.01230960952425,5.723535603379958,30.15271788849992,10.260339912963655,0.631947121139027,0.07454993627560678,3.376028267081191,4.536196892601382,1.349314997503458,0.674657498751729
B0005,141,110.97853174496994,3.8818098218315376,3.754159404604131,3.6355395487365705,-0.4130163775357723,140.546,1.2612808446973698,2.012783996656196,5.752907315369011,29.856134562122275,10.29044852944736,0.5808464062858416,0.07493454349659762,3.3485153503399694,4.561162836615787,1.3441891937970554,0.6720945968985277
B0005,142,111.84938076452417,3.8792805863786404,3.751326758473554,3.632900840743956,-0.41377337337254444,140.453,1.2594772528861662,2.012558160537863,5.802960547096038,29.70878420593061,10.382447436938552,0.5521248688512636,0.07550560874191625,3.3333448118811946,4.60743577051369,1.3389913790695755,0.6694956895347878
B0005,143,111.37285569750063,3.8806788711387594,3.7526756357846693,3.6337781050021833,-0.41455511279888135,140.281,1.259710789754449,2.012356605074132,5.803875898993763,29.996511138840127,10.377888116404133,0.6001851232459052,0.07516886490108919,3.3590854185081103,4.607308237889343,1.3389145230206971,0.6694572615103486
B0005,144,111.39530404209788,3.8807445785445474,3.752919982413565,3.6335395484230033,-0.4156897430806036,140.625,1.2603144511423559,2.0121171753168254,5.763522264826754,30.072306368415244,10.328247990657465,0.6169517045466409,0.0751661262670925,3.36796608155171,4.573082741059318,1.3340066759761655,0.6670033379880828
B0005,145,112.15583901834553,3.8779036588723894,3.7493535394503295,3.6298148657385183,-0.41705661385688814,131.125,1.2589197281987936,2.012156949270808,5.784598474647936,29.816359156808556,10.3503016040353,0.5738781391985975,0.07568230385417984,3.3448836900300125,4.594890639234229,1.3286444309174914,0.6643222154587457
B0005,146,112.83331835830234,3.8754631735390457,3.746178525789904,3.6267689478311858,-0.41761784399324037,131.172,1.2580027051886271,2.012355895618425,5.819274073368959,29.55430551807159,10.411854409036348,0.5278960473460049,0.07615452105059692,3.320363105463794,4.625804101507402,1.323170899227622,0.661585449613811
B0005,147,113.37644953566922,3.8740730789798965,3.7445804634558764,3.624825486792005,-0.41828643717048686,121.781,1.2578226000481743,2.0125937739258557,5.88620154506911,29.47613268527249,10.493868260537203,0.5106668749111853,0.07653918824994019,3.311144123234444,4.679675452519035,1.3181691588445197,0.6590845794222598
B0005,148,112.65494318421919,3.875690842611032,3.7466630835816876,3.626329327896652,-0.4192783988805158,131.0,1.2579708315311868,2.0127761898213725,5.840452208625287,29.827804181307357,10.447294698193497,0.5703418711539545,0.0760658942121044,3.342988673611871,4.642756463213347,1.3184664436640334,0.6592332218320167
B0005,149,112.56156486633918,3.875826365357899,3.7459750662755162,3.625402858765435,-0.420846313574751,131.156,1.2584869640903587,2.0123866543795073,5.819881170264271,29.81770158100629,10.413173778852968,0.5729333973914958,0.07597342908310406,3.3442093663611656,4.624506519597454,1.318293040102702,0.659146520051351
B0005,150,119.62518221943749,3.8641875760355267,3.738361248458325,3.621078008016808,-0.41054146807025105,121.67199999999997,1.2555708723896417,2.0127192479688394,5.774098187478952,29.39625761998049,10.311483996714507,0.508363738848791,0.08076770852935618,3.3098830994817665,4.598783162665686,1.3238724222442682,0.6619362111221341
B0005,151,107.97400952368825,3.88973942131378,3.7632955377791757,3.643312726427825,-0.4143810425179376,159.281,1.2637511120677074,2.0127279819060413,5.765379556031849,30.02174400277893,10.35013197914068,0.60436348448521,0.0729017825011574,3.361217434274924,4.5621163067455015,1.3601216766554785,0.6800608383277392
B0005,152,111.64686991843074,3.8815079359343763,3.7548092646281805,3.6349761851861015,-0.41614536893490384,149.906,1.260399760018796,2.012654485385512,5.776211828966289,29.975570036363287,10.35518259469718,0.5978441748407579,0.0753761155153016,3.3578206451949084,4.582841105015881,1.3395306867947354,0.6697653433973677
B0005,153,112.22505973882065,3.878922461751157,3.7511820769903865,3.6307327360475217,-0.4186607223597444,140.531,1.2598215603860672,2.0126335205123063,5.76212191436106,29.78956162646015,10.339253142216938,0.5697390592275026,0.07576489018451535,3.342610417303234,4.573760360630184,1.3290286565120697,0.6645143282560348
B0005,154,112.25663960139921,3.8776781537111167,3.749085565772826,3.6282026994184577,-0.4207456060144569,131.14100000000002,1.2589273590366368,2.0126273453432453,5.82059914689248,29.71982838617616,10.420427397176061,0.5555890376916518,0.07578574518854433,3.335062688919573,4.623459094054919,1.3236741274998955,0.6618370637499478
B0005,155,113.19162761743857,3.8753200723042647,3.7463762994596315,3.6249299005717375,-0.42197912605202287,130.76600000000002,1.2573214583628096,2.0121690717857352,5.811968306221246,29.629130110544747,10.430049451878398,0.5430266048591222,0.07638217012801371,3.328330869260284,4.6224998925805005,1.318633896753293,0.6593169483766465
B0005,156,113.35986236920223,3.8743002307936507,3.744871504444799,3.626590589570724,-0.42389983898053507,121.81300000000002,1.2397069184209302,2.0125218409159435,5.7913232548498605,29.57536092624461,10.549792481707728,0.5231847637440726,0.07652252009297031,3.3220281432580547,4.671526123469994,1.3134751321324272,0.6567375660662136
B0005,157,113.21763731142326,3.8743104385286036,3.7445249543716983,3.622905236041429,-0.42433794861707774,121.68700000000001,1.2567548080147999,2.0126301176689427,5.831992264906827,29.62737028749547,10.427865330417104,0.5396577622886166,0.07643473633908573,3.326752169586902,4.640517169867989,1.3132020634442203,0.6566010317221102
B0005,158,113.78304956326723,3.872514616418138,3.742352835967722,3.620625264616684,-0.4250671473945508,131.032,1.2565309366123105,2.0126326659188454,5.838565213063681,29.56265157059273,10.461355681753131,0.5299291595115082,0.07681664820748899,3.321401556413262,4.646574981118121,1.3077959946944353,0.6538979973472177
B0005,159,114.32602929186686,3.87137564809319,3.741082534555075,3.619167270979042,-0.4257681322328868,131.125,1.2565994706273593,2.0128145884450848,5.832418953964481,29.54124102675255,10.42582421354015,0.5271835042548091,0.0771971758534767,3.319926890936171,4.641430376421086,1.3030329186405918,0.6515164593202959
B0005,160,114.08169235476339,3.8716497736974627,3.7410218759692113,3.6184888275848066,-0.42704098112790917,131.46800000000002,1.2572340494777539,2.012609323125494,5.836000090949234,29.6100382658052,10.422651994954396,0.5384408523331446,0.07701647992125557,3.325781853836473,4.641936076559068,1.3033573559038203,0.6516786779519101
B0005,161,114.03794859450113,3.8712036379123105,3.7404857942963066,3.617995891246724,-0.42810039646000897,131.187,1.2553011504219522,2.012333800365922,5.842969327549415,29.659615199309982,10.447872459796065,0.5448791714550232,0.07696587121654119,3.329498986981406,4.654635523583629,1.3034100438655642,0.6517050219327821
B0005,162,114.03934010261774,3.870880297166643,3.7398651859265986,3.61677130184068,-0.429107572948981,131.14099999999996,1.2560060801484383,2.012682063132195,5.82414950685137,29.684758538423964,10.432129657478013,0.5527941481730748,0.07699345305655825,3.333553098914937,4.637039261914286,1.2978870806495706,0.6489435403247853
B0005,163,114.32702909629708,3.870070267487945,3.7386919134789904,3.6153215764610582,-0.43018887588742416,121.79699999999998,1.255932121943092,2.0129995672312067,5.832980355909882,29.598904120931863,10.451174516242665,0.5387127613737965,0.07721204066184105,3.3260074699510285,4.644343634499527,1.2980735056918902,0.6490367528459451
B0005,164,114.12966824647185,3.869887956871028,3.7383081934275286,3.614732287474835,-0.43145058311436085,121.81200000000001,1.255065963554038,2.012685417532774,5.843998483356398,29.60603505257267,10.46289300688452,0.539172988352006,0.07705469478161028,3.3263157035064492,4.656327757313752,1.293463613844243,0.6467318069221215
B0005,165,114.48949810751206,3.86890066769864,3.737417969932326,3.6133864299534704,-0.4321674053551949,121.76599999999999,1.2553793448093675,2.012599972843155,5.828202510406818,29.66698726360487,10.439805662284774,0.5498577735887894,0.07729107116205687,3.331985999908261,4.64258276552403,1.288003392619118,0.644001696309559
B0005,166,114.51530173579772,3.8687673698776157,3.736729378315473,3.613009713428178,-0.4332206708384933,121.781,1.2548172057865763,2.012862746809111,5.849157338701282,29.72186817563564,10.454895533716217,0.555305043586132,0.0773286798095175,3.3350010608315737,4.661362078658114,1.2874525221379407,0.6437262610689704
B0005,167,117.06787848782625,3.8716944330539453,3.7453081077553367,3.6233982483509375,-0.42421274097443307,140.578,1.2575816888939135,2.012535751294839,5.311124284282876,30.250177282705675,9.52440012007676,0.6875826503972,0.07902667430458449,3.4060055935519924,4.223283728752597,1.3090153642307354,0.6545076821153677
B0005,168,108.33231627525115,3.8887524340989397,3.7605322476387895,3.636068706945753,-0.42955857891116245,149.937,1.2631020600273664,2.0136747293813566,5.600144207475353,30.70633628167334,10.042000064353374,0.7367791064974009,0.07321253058083177,3.432886522161679,4.43364347561433,1.3250793286429356,0.6625396643214678
B0006,1,115.91039797741193,3.914051006391879,3.824054764107799,3.756919302370183,-0.2668861115195717,309.03099999999995,1.2470642604971707,2.010767588859037,4.7171229575857865,29.083348809414566,8.229586988716525,0.47004979072832725,0.07810788878553933,3.297126370822051,3.782582106639154,2.035337591005598,1.017668795502799
B0006,2,114.35693803567392,3.9188425226215235,3.8297637918434835,3.76093816156596,-0.27072732266519006,327.4069999999999,1.2482302823331701,2.010557243429235,4.596396349941195,29.303257154558228,8.012150928632476,0.5154181524897157,0.07704494566172455,3.322027201579289,3.6823304281239606,2.025140246031412,1.012570123015706
B0006,3,113.00654403357453,3.921994937506202,3.8328625928970945,3.7591098252186192,-0.271355389846739,327.01599999999996,1.2869991613721574,2.0107142915929956,4.633635208556576,29.40295464502913,7.808053289123537,0.5480599130887973,0.07614704818288456,3.330948430236474,3.6003405034206413,2.013326371345464,1.006663185672732
B0006,4,112.24772964451107,3.9234862936887307,3.8339082235727364,3.763994482675041,-0.27444101573781005,327.187,1.2490925968990743,2.0104271003572904,4.513131008930785,29.22873120373084,7.886210500855691,0.5084738027842528,0.07561413266918007,3.3184772773746887,3.6131276577371647,2.0132846655407413,1.0066423327703706
B0006,5,112.26570461048645,3.923462375814506,3.83403547460059,3.7637099395266223,-0.2752724909026507,327.266,1.2491269251144819,2.009963584357915,4.454560491089431,29.15226023867941,7.801327269359814,0.5013941286420647,0.07559137311171288,3.3144325909034538,3.566139198129264,2.000528337624771,1.0002641688123854
B0006,6,105.1817336831792,3.9367323368382316,3.8451389380874224,3.770321744459464,-0.27712117149018467,345.53200000000004,1.290995155999081,2.010795095764257,4.713232044193813,29.139393696404433,7.921743576130126,0.49149070366389325,0.07088016325694123,3.3010537410847225,3.650851842698291,2.0138990759931645,1.0069495379965823
B0006,7,104.58137114932109,3.93842853299493,3.847098532390402,3.7760144715908366,-0.27956555363476354,345.31299999999993,1.2535903672241944,2.010450586512559,4.576737625804057,29.083874025442768,7.970091576732376,0.4785185548111478,0.0704514421822776,3.301904470383195,3.6509036328495856,2.0131011056269665,1.0065505528134833
B0006,8,112.37724027977936,3.923875552449954,3.8343110980114634,3.7632750796592025,-0.27702485595011883,327.562,1.2504993905326431,2.0098541836547557,4.4835292453360935,29.205299683483485,7.8446928467024275,0.507719457492793,0.07565823622685214,3.31754355138694,3.585390988016683,1.9687898262728405,0.9843949131364202
B0006,9,112.66434289165002,3.923144387655094,3.8334369144717706,3.762051588456484,-0.27757544027109876,327.406,1.2491631563167684,2.0102075116822435,4.492082910104333,29.141639714815007,7.884617683010835,0.49531621676868365,0.07587820013677354,3.3110792358273327,3.5960738094049343,1.9681661764334244,0.9840830882167122
B0006,10,112.37119879599345,3.9234761266736435,3.8334045911814814,3.762158376758262,-0.2781276167148815,327.15700000000004,1.2490277776377994,2.010515128833209,4.486352958243177,29.08056341487623,7.885809282608945,0.4870563637793374,0.07570393506087272,3.306609660296286,3.591876048367723,1.9572307917560536,0.9786153958780268
B0006,11,112.10271023877674,3.9235778525919947,3.8330282103606548,3.7614506074234586,-0.2790388562820802,327.25,1.2491494131744425,2.0102004064472028,4.491042320947599,28.97763966534513,7.870662084730456,0.4696092297589744,0.0754994129806125,3.2971125173235305,3.5952803352279443,1.9455991514129352,0.9727995757064676
B0006,12,111.83692156231928,3.924141404625991,3.8337329795961113,3.7617547651921983,-0.28021527786426503,327.3440000000001,1.2499628622391548,2.0102603312826997,4.49831216803782,29.24266630258645,7.87005742792396,0.5126166249999669,0.07532489921222317,3.320380960496616,3.598756654241429,1.9347505044841131,0.9673752522420566
B0006,13,112.3970111523937,3.9234989070598374,3.833243990475964,3.76075055785079,-0.28070523579198475,327.266,1.2492632276635185,2.0101088947015175,4.387928839292041,29.27670496225877,7.7226918143986385,0.5264658883521507,0.0756907281057165,3.3279573037082804,3.5124133506264568,1.9232799539368028,0.9616399769684014
B0006,14,111.84611648749697,3.9241297331821516,3.8334927884342735,3.756758795175988,-0.2792744658681241,327.21900000000005,1.2860345754642055,2.0099394102995656,4.51145838936808,29.20902882856809,7.71464407617181,0.5242432607642895,0.07530704220108521,3.3184615426247204,3.5080381783200734,1.911889930948487,0.9559449654742435
B0006,15,112.53556710452303,3.9221721994746037,3.831218117772905,3.754097750420024,-0.28063351520616053,327.203,1.286036008688302,2.0103083606185366,4.5642888561353985,29.087144093038077,7.787546275239766,0.501091346535639,0.07579907592310524,3.306018149072454,3.5491143523973054,1.9010667141979305,0.9505333570989652
B0006,16,113.73796325193156,3.9194517554812394,3.8280984526878874,3.7549353895653934,-0.28296890278921616,309.2350000000001,1.2482858532222079,2.010619314322322,4.518770488668444,28.867111172777136,7.95116662194529,0.45309183957381005,0.07663265932464632,3.2878221883490446,3.6199805333082278,1.8891989948061456,0.9445994974030728
B0006,17,112.64390671817674,3.9212102099036925,3.82912401181211,3.75573930170847,-0.28443998028256345,309.562,1.2487042442396332,2.0106143200844775,4.515269027018409,28.930783197779327,7.915970160392933,0.4625137543118713,0.07589514528135761,3.2929587391529442,3.615963546090025,1.878278372248849,0.9391391861244245
B0006,18,113.59593896275213,3.9193595396189513,3.8273888630352575,3.753535738416037,-0.28507920195488773,309.062,1.2477654984457431,2.010478513787583,4.5075200255540615,28.958428221792943,7.932772206297237,0.4673771021115029,0.07652624917509737,3.295753097217679,3.612473682890554,1.8675697161520208,0.9337848580760104
B0006,19,113.19675503579336,3.9203654992768864,3.827841106571203,3.7538455930318793,-0.2856821727270523,308.812,1.2474824107433884,2.01033687277537,4.477850524869094,29.008039574327487,7.8690263028613865,0.4776685358189999,0.07624658619071234,3.3015146042387187,3.589509949243047,1.8675892574453767,0.9337946287226884
B0006,20,113.00803313212444,3.923418250510889,3.836205367751825,3.765981661672008,-0.27182355206443076,345.60900000000004,1.2502239773134778,2.009987583453743,4.253501837862668,28.842471477091088,7.409303915404407,0.4663000662992815,0.0760930189888743,3.2951870723731447,3.4021918592560767,1.9796265482508184,0.9898132741254092
B0006,21,112.22892345171998,3.9250059967264432,3.837442793444538,3.766646648362172,-0.2739931702501004,327.125,1.2502375055399757,2.0100141564136287,4.203307558757199,29.18842409023951,7.343277043842412,0.52610541878301,0.07557041007853536,3.327942570508392,3.3620072507277703,1.9575499080884025,0.9787749540442012
B0006,22,111.95908417164688,3.9251835701172775,3.8366373158917213,3.7650059071685456,-0.2757782187671889,327.7500000000001,1.2510373786016735,2.009778679958443,4.222138747923719,28.872570161400752,7.354370846550981,0.47438612323978363,0.0753710484522473,3.2994008868864397,3.3749101506806656,1.9458150170787551,0.9729075085393776
B0006,23,112.87539460308496,3.922810018498654,3.833439274502268,3.7615712813467432,-0.27753048560690036,327.359,1.2498137465075316,2.0102698295216386,4.268194088000961,28.56475281583261,7.425157028350376,0.4213678224523836,0.07602505459189143,3.27070543163053,3.4150641244969213,1.9242461121680088,0.9621230560840044
B0006,24,106.33506902076171,3.934659066191814,3.8434867340798,3.7713867945553687,-0.28093119467898225,327.5,1.2533686858223863,2.009868525642106,4.3090169310033986,28.413519671010647,7.452314072070781,0.39083304046685763,0.07159135220707533,3.2541648523488966,3.437948450240782,1.945981133142164,0.972990566571082
B0006,25,113.48627042685033,3.920700099457412,3.830797778197303,3.7578758488469615,-0.2800741570030348,327.594,1.2484050070508146,2.0094257807621227,4.29807661019974,28.40025428356461,7.518238522624712,0.39224905846291924,0.07637232520870639,3.254999830405317,3.4428543508915874,1.9014079305530796,0.9507039652765398
B0006,26,115.54829381331244,3.916146644231794,3.8261318653701033,3.7483742105692737,-0.27962985100492727,326.937,1.283212261491682,2.0099140348982596,4.381813650140714,28.35455677751889,7.473788607342646,0.39730982347747973,0.07779778859055238,3.2513925127032084,3.414722397561128,1.878674213680085,0.9393371068400425
B0006,27,114.52359695055394,3.9174544097720467,3.8266809860475495,3.753112819761003,-0.2821462207526121,309.25,1.2466709844867956,2.0098246898774663,4.323520528906581,28.21755128637906,7.590560330563555,0.36425047513722475,0.077101012905581,3.239867975438452,3.4680525838069465,1.8683061328264217,0.9341530664132108
B0006,28,115.11958997894618,3.9159248268246247,3.825065613853395,3.7508827553105935,-0.2832113741005387,309.23400000000004,1.2463595295302372,2.009883113148374,4.332885417021178,28.187421747854128,7.628416032727698,0.35828702964961523,0.07750676067695082,3.2366705552712602,3.4764330150019207,1.8560244070083,0.92801220350415
B0006,29,116.76094128104052,3.9124346118332376,3.8212382944029564,3.7465285349496256,-0.28426549546820945,290.96900000000005,1.2458587538784875,2.0103496181327016,4.3443309810567,28.204338396229577,7.6606780025440155,0.36249229768451297,0.07864833275757517,3.2388969676165877,3.487017262215598,1.8451997961855773,0.9225998980927886
B0006,30,109.38948011493342,3.9261141421559627,3.8326415545554067,3.7580279900518896,-0.28776241152500925,327.21799999999996,1.24906482391711,2.0098627814901366,4.413138253223693,28.24646937386411,7.677613926348246,0.35690904384249256,0.07364734990349578,3.236060735617712,3.533153899398063,1.857228890885317,0.9286144454426585
B0006,31,103.05211706274042,3.9314549733889943,3.8380251908897267,3.760627863425599,-0.28057996702220156,327.89000000000004,1.287609065699443,2.010815474003787,4.657289736327112,28.42137075513158,7.838487046438252,0.37528901211042287,0.06944645878184391,3.2404615658907248,3.6170060155620467,1.924776088909064,0.962388044454532
B0006,32,103.27175172272679,3.932276506435352,3.8371945213755194,3.757213662639881,-0.2889010237955345,327.625,1.2874883946632862,2.0104344083881807,4.532911650861887,28.75208284768805,7.677662382836968,0.4419505670228506,0.06956809488776895,3.2753281871874167,3.5207398137731323,1.8822317526092551,0.9411158763046276
B0006,33,104.08199283903045,3.9294144380053337,3.8335961739033393,3.752393065409386,-0.2915031900696657,309.156,1.286336024684327,2.0102581672362088,4.521095825923709,28.53234272164441,7.72808236689774,0.4062140505927467,0.07010161430983254,3.256556390656791,3.5147082404329053,1.8552766878855869,0.9276383439427934
B0006,34,104.56416599249212,3.927449176270612,3.8303439837815407,3.74861352698388,-0.29370688034730297,309.14,1.285408210806149,2.0104316372823656,4.643805393130503,28.202033054244023,7.891332038796446,0.34014107517709186,0.07043852405888518,3.222067491685437,3.612708674249187,1.839250891718188,0.919625445859094
B0006,35,106.53795259343485,3.922868646634219,3.825710269790566,3.742621173558664,-0.29574123032163696,299.781,1.283941568076844,2.009868274268949,4.591570766834913,28.177498098913112,7.866153452418562,0.34219503046027283,0.07172792804779889,3.223011038381104,3.576152436370147,1.8185396073994429,0.9092698036997214
B0006,36,105.07469239826268,3.925614117255645,3.8282102877082913,3.7447126611874135,-0.29708187684016885,299.844,1.2851170957984939,2.0102379695162824,4.577118894972383,28.55979302478137,7.9621232915810625,0.41543842004944614,0.070768798182486,3.261202135402758,3.5616356750187332,1.8134770059567056,0.9067385029783528
B0006,37,105.99670928833676,3.922877663301976,3.824300224080563,3.740223005507048,-0.2994118862587858,290.468,1.283245407735431,2.0101569168537887,4.621326541323086,28.382831002962423,7.898402966743655,0.37270633115623103,0.07138402852328203,3.239025604013151,3.6012804047188713,1.7971018450305436,0.8985509225152718
B0006,38,107.65425832207185,3.918770066093716,3.8199953911925073,3.735048548776793,-0.3012003644572527,280.921,1.2812681214158212,2.0095985493205193,4.659261533723797,28.134196758165515,8.005434567904018,0.3468989381044546,0.07246004175645587,3.2254922759323836,3.6364453745834555,1.7810046294120476,0.8905023147060238
B0006,39,107.62155377241146,3.917782743289339,3.8180550607950705,3.732334693061502,-0.3027475677651668,280.954,1.281602619643939,2.0098886876448216,4.665099707217891,27.92661384150008,8.095532575579027,0.3083170439426607,0.07245894711712536,3.2053534921389817,3.6400516320058487,1.7710130422682329,0.8855065211341164
B0006,40,107.54753360752251,3.917298678611272,3.8170402966825305,3.7308971544270215,-0.3041775368770465,271.672,1.280823225314697,2.010166417912957,4.696190498566558,28.10371584033414,8.169113269404104,0.3394673419559927,0.07242912380122342,3.2216051105115944,3.6665407104971175,1.7604712448170945,0.8802356224085472
B0006,41,107.46081524714802,3.9175747934893237,3.81758731444689,3.730635493732229,-0.30616596469887175,271.672,1.2813416637124575,2.010367387738157,4.718052701403927,28.749914128576172,8.16429565822716,0.43707356264860425,0.07238519382058763,3.2725595171971187,3.682119168539495,1.7502913788006589,0.8751456894003294
B0006,42,107.97726898772873,3.9163708730200173,3.8159957033070717,3.728240040174291,-0.3085366755031591,271.718,1.2806266531174195,2.0105092896490437,4.707959317940482,28.960197082739057,8.142765492707616,0.4722885474261284,0.07274334318330794,3.2912384857194126,3.676293404076772,1.7394925037732578,0.8697462518866289
B0006,43,119.9823450053046,3.9010084208414524,3.8065623764304535,3.718948283918755,-0.3006423378285135,253.98399999999995,1.2761716367011908,2.010512223406895,4.690915735178091,28.71546947593412,8.167606097172433,0.4410281378665929,0.08083129395890852,3.274092538883428,3.6757718164805486,1.7546766553637203,0.8773383276818602
B0006,44,104.98067086504777,3.9215372058822466,3.820942247036474,3.732801216578399,-0.3078415008089375,281.062,1.282095742024967,2.0101299875886003,4.787962447607722,28.62665877779665,8.327905205633305,0.40903536537963503,0.07069787796607013,3.257948640130855,3.734481201883972,1.7659390941842177,0.8829695470921088
B0006,45,109.14564274257201,3.91205762780406,3.8109431851676776,3.7215128973841023,-0.3107520801548268,262.28100000000006,1.277832328066006,2.0097352813114453,4.853643691022814,28.21329883657671,8.385875100551347,0.33907277175772416,0.07347386157821537,3.2215699831175373,3.798341601177663,1.7337887419624838,0.8668943709812419
B0006,46,110.6483292188208,3.908122642510587,3.8064525738813613,3.715863136136924,-0.31380839393080584,252.8590000000001,1.276624855840567,2.0101727884599545,4.953865398179133,28.22546029791279,8.53079075066451,0.33264567765493197,0.07451786259552587,3.218123617276054,3.8804394067021066,1.713325912040734,0.856662956020367
B0006,47,110.22967592357028,3.9074306423432312,3.8049970399169895,3.71322845356244,-0.31618726177886763,243.53200000000004,1.2766791742056802,2.0102592626169487,4.913076714744353,28.153135819368604,8.596990961829938,0.3294761497241877,0.07424230106896704,3.216344642115838,3.8483252597906232,1.7024077813673466,0.8512038906836733
B0006,48,110.27793382069771,3.9188158056159557,3.82645559738706,3.7388412818912937,-0.29642864520566276,309.218,1.2833411418516103,2.0098586516448886,4.621783459888537,31.289124466707147,8.080985407948992,0.8652479033019274,0.0742452034103316,3.503656253776665,3.6013677962667097,1.8237194617818304,0.9118597308909152
B0006,49,103.98687368075835,3.928194701285187,3.830880556221526,3.742166187884264,-0.30424635834064356,309.125,1.2852699658130187,2.0105686846485433,4.739638653061572,30.380922269387103,8.098617524680018,0.6968654460874095,0.07005918794280698,3.411603038827521,3.6876600085052447,1.8081284050314708,0.9040642025157354
B0006,50,105.96288266897832,3.9221692078491377,3.823691128880823,3.732535930516799,-0.30964652971406254,290.547,1.2827641276367165,2.0097373535362735,4.8386173829420684,29.66017737797127,8.345088324326522,0.5760594748520413,0.07133146164323148,3.346323409671962,3.7720242394495633,1.7757610945034283,0.8878805472517142
B0006,51,109.19834472745406,3.9140691225743116,3.8147262268649413,3.7216258818877312,-0.3153395980260702,271.688,1.2793966091828846,2.009804779408347,4.852433518229599,29.20771701701601,8.468780816108294,0.5089704712272238,0.07351442321298063,3.3105720670621652,3.7927515857093876,1.7447409841836798,0.8723704920918399
B0006,52,108.51595852609707,3.9136922736514608,3.8127790587813672,3.7191181645160736,-0.31758299979926613,271.84400000000005,1.279480300902094,2.009914185691367,4.937601629767052,28.961872065080232,8.584643872262635,0.4576076430642758,0.07306298161802353,3.283404314547752,3.859068112487398,1.729207034132373,0.8646035170661865
B0006,53,110.2805725185991,3.9091560029481496,3.807728202705324,3.7126312848032255,-0.32192597294376646,262.43800000000005,1.2773464273281145,2.010093981764707,4.883560655640668,28.919213914418897,8.595939780447974,0.4631642189357495,0.07426436779083043,3.286296942583992,3.823207667990148,1.7081086552553244,0.8540543276276622
B0006,54,110.0768772202795,3.909120726196988,3.807185184616156,3.711411737507537,-0.32425683956028933,252.93800000000007,1.2765564250619648,2.0102830125473647,4.918977791127279,29.23400718743401,8.6622321613522,0.5171845768260207,0.07414113934780679,3.3150364603864535,3.853317953327844,1.6975954237461768,0.8487977118730884
B0006,55,110.97929517910987,3.9061558874023112,3.803580262503038,3.706690084297151,-0.32731644459620934,243.59400000000008,1.2753798073697689,2.010193394587909,4.92963212302157,29.078157588019263,8.655889776311664,0.4866292247439499,0.07474228917334029,3.298844422551536,3.8652267305282253,1.6820634524029463,0.8410317262014732
B0006,56,111.17470260737294,3.9042155779385816,3.800855643288962,3.703071517360202,-0.330062574837956,243.407,1.2746673514726967,2.010084904864508,4.961504942708437,28.968705612822188,8.73255532624511,0.46753794364525597,0.07486581044719921,3.2885030324483093,3.8923919538506455,1.6714768322295086,0.8357384161147543
B0006,57,111.96727478778223,3.901410412838444,3.797068790581173,3.698604151300527,-0.3328768203337593,224.79700000000003,1.2728807882662012,2.010136285721498,4.967758046106308,28.833195727917136,8.779319288438193,0.44748731605130737,0.07540338871731794,3.2782169979903295,3.902767715484906,1.6607591387047655,0.8303795693523828
B0006,58,113.06725042973267,3.899144909243844,3.7947284218860227,3.695231614019933,-0.3355813811465462,224.875,1.2729743592386453,2.0105328204107766,4.985919244725121,28.973217619091944,8.800346037850614,0.47012158169968554,0.07617420226778945,3.289910121991137,3.9167475829655793,1.6511210150380693,0.8255605075190346
B0006,59,112.6504955060729,3.8995124907008973,3.794712861690539,3.6942668771076943,-0.3385059723671474,224.67200000000003,1.2725340355418824,2.010515193818192,4.910798997727529,29.403565458632112,8.707599188128063,0.5486010389327076,0.07589210081444794,3.3316198824576277,3.8590708464912424,1.640134925619093,0.8200674628095465
B0006,60,113.70700742319879,3.8962402039882877,3.7910204989868403,3.689406890019217,-0.3407910398351977,215.43699999999995,1.2714950439719426,2.010056419508537,4.961103816072544,29.242923737392225,8.788905535381788,0.5222445998793188,0.07656891175536445,3.317458806095354,3.9017877730571935,1.629199941616544,0.814599970808272
B0006,61,115.95158479073157,3.8903373922448825,3.784837717410427,3.682092951703694,-0.3449650751471603,196.719,1.2695974272160613,2.0101411314622952,4.9121777520855225,29.08258775544516,8.776604737018541,0.503448373213803,0.07808696416296182,3.307353767913954,3.8690829445494486,1.6088496302961666,0.8044248151480833
B0006,62,116.40037970098514,3.888261590708569,3.7819148599446617,3.678366930081356,-0.347584822468349,196.735,1.2673427726555928,2.0099246931029486,4.90141911359321,28.859116890142783,8.757866242155687,0.47193013667138345,0.07837232272823332,3.2910270342462358,3.8674770704083206,1.6035244898969248,0.8017622449484624
B0006,63,115.82144263625082,3.888261249821984,3.7810731896213703,3.6773319272263993,-0.3494895888824349,196.75000000000003,1.268526047599466,2.0107512294957726,5.02661205598401,29.12522478083353,8.93214952396388,0.5024115488548765,0.07804667497725677,3.3069094547810938,3.9625611673455765,1.5989712144027983,0.7994856072013992
B0006,64,117.10081865892352,3.886590131084449,3.7790458950441894,3.6740258189655113,-0.3533436369957459,196.719,1.2669040041726198,2.0096463589797504,4.646070789454452,29.11689413416169,8.21661828775177,0.5307881955081795,0.07882209287729766,3.3219999271102707,3.6672634818047425,1.5876273123575604,0.7938136561787802
B0006,65,113.67627157959872,3.890381533016007,3.7805694618495993,3.674747172590783,-0.3558114150918994,187.453,1.26832109452037,2.010383647783669,4.847409760268647,29.1975539408326,8.571933897363735,0.52991514916628,0.07657314006197193,3.321422889884877,3.8219105408017753,1.5829719744686166,0.7914859872343083
B0006,66,119.14951091717282,3.8799271642603452,3.7710933709315886,3.66483505847398,-0.3578634466055047,168.60899999999998,1.2651453886718789,2.009990111949806,4.837817776108942,28.99810650027741,8.567864841856725,0.5051947862704451,0.0802285338132691,3.3081171197732857,3.8239223882304736,1.5671376367135632,0.7835688183567816
B0006,67,118.7369804760654,3.878854623131008,3.7691938663935662,3.6623800476959887,-0.3600766310464283,168.438,1.2632876372672546,2.010086067896848,4.856741783689678,28.876389688064407,8.607165844096246,0.4818171922867268,0.07995839297641869,3.296040316821126,3.844525696614738,1.5613446139713882,0.7806723069856941
B0006,68,119.85720026538414,3.875885099809315,3.7659542993940414,3.658245866177237,-0.36255349713335316,168.438,1.2623719342248998,2.0100068932947446,4.8879658452612915,28.891002542754983,8.65721599623981,0.48274849837966294,0.08070639936102145,3.2965073580229936,3.8720488888740365,1.551171189279042,0.775585594639521
B0006,69,120.11328123049293,3.8741390749331663,3.7637257720452784,3.655218339304996,-0.36512080154111415,159.234,1.261960326652274,2.0102281681737986,4.87270155373686,28.961576279332377,8.662269196692197,0.4959740251760773,0.08089664099752795,3.3034537488978883,3.8612161181509985,1.5406741606295171,0.7703370803147586
B0006,70,123.04501054338309,3.867662607808776,3.757116395566044,3.648353672769543,-0.36798052499642997,140.53099999999998,1.2599616734217511,2.010267911722187,4.817490260187185,28.92963023776425,8.569066610082455,0.5026975570808546,0.082874446005804,3.306964822180156,3.8235212719638105,1.5253138744624433,0.7626569372312216
B0006,71,121.11479029331582,3.8706071634494714,3.7591243262436014,3.649489848643553,-0.3695469243105173,149.92200000000003,1.260581883220951,2.010093696544397,4.921792257195971,28.975502254216146,8.724134428626924,0.49732167262860016,0.08156024740622451,3.304096861684758,3.904381240685572,1.5301570318067428,0.7650785159033714
B0006,72,121.32556670406132,3.869072580683772,3.756868337950699,3.646624965020997,-0.3718900177109964,140.5,1.2596232675971335,2.010181986491871,4.934179079806508,28.96413666128187,8.746044133395591,0.495370455622587,0.08170936435143163,3.3030769757376057,3.9171863578060004,1.5246566834474091,0.7623283417237046
B0006,73,122.47514805354254,3.8662441195787243,3.753692636836397,3.6428612298441942,-0.3741150888840295,140.422,1.2584888954161373,2.010003904756112,4.958892647973759,28.9827190033784,8.797136293100518,0.49660613139571497,0.08246896136000466,3.303740886758082,3.9403547111427075,1.5145492986655429,0.7572746493327714
B0006,74,122.62801918820611,3.864548794758379,3.7512090975190047,3.639810329587704,-0.37608163142896317,131.10899999999998,1.257866581525751,2.009952765698668,4.9616922528289855,28.98034631682149,8.79537823901741,0.49662013367666363,0.08256769595927466,3.3036517163150907,3.9445298298732245,1.5093915046020818,0.7546957523010409
B0006,75,123.26559318727998,3.862265968001331,3.7487258870811306,3.636642454861258,-0.37820933836611526,131.18700000000007,1.2574919061373917,2.010525863984975,4.967820217027342,28.92508662458348,8.812409266440389,0.48927250344063017,0.08304432288097024,3.299738929567123,3.950578284266559,1.5039974333050703,0.7519987166525351
B0006,76,124.25187096575414,3.859339630074011,3.745029387467536,3.632626925831784,-0.3805500575438841,131.17199999999997,1.255392373115502,2.0101934355610056,4.975442312163693,28.877274048827893,8.820031598322057,0.4807361838072115,0.08368110135899785,3.2954261306215646,3.9632567623588146,1.4935201918040188,0.7467600959020094
B0006,77,124.83738643279904,3.8573039110372487,3.742679461781208,3.629735860356327,-0.38200665355856867,121.90600000000003,1.2548147528346667,2.0099272990698496,5.018677732370474,28.93238238307573,8.894033579876456,0.48931221467025,0.0840531734824405,3.299867218525209,3.999536761129976,1.4876323024497422,0.7438161512248711
B0006,78,118.15994206771695,3.875214251235858,3.761375848539946,3.64939655270776,-0.37665844870340104,159.422,1.261563063218249,2.010166065591848,5.090495307224241,29.595853722802172,9.076517178369462,0.5833294338146715,0.07957614447587255,3.349929744779151,4.035070029902731,1.5302876214401704,0.7651438107200852
B0006,79,123.89968754237947,3.860298725655049,3.7465366739370256,3.634027100410487,-0.380383912269908,131.234,1.2560879257223418,2.010185043077914,5.091608687736816,28.955866635214605,9.047730050209374,0.48405044906733213,0.0834432162560236,3.2971065698021214,4.053544806434447,1.5040760088360112,0.7520380044180056
B0006,80,125.30925626665265,3.855127284719858,3.7400857896280444,3.6270576953402816,-0.3833063823757029,121.73400000000007,1.2538721464286502,2.0102307304782783,5.213392400913808,28.64484800793901,9.260642979305945,0.42693855120293445,0.08439636030429222,3.266907313909886,4.157834126679413,1.4887593608730894,0.7443796804365447
B0006,81,126.80539634815041,3.8510534763883593,3.735730413097482,3.6220977620849024,-0.3862733287114568,112.39000000000001,1.2520534811027033,2.009816772973618,5.198145180462173,28.73622730455973,9.229950443982606,0.44471653551278806,0.08536884744282817,3.2763147232823764,4.151695801272071,1.4782779285546637,0.7391389642773318
B0006,82,125.52347286803978,3.8538703108892722,3.738007593252164,3.623489500604244,-0.38861150313001824,112.37500000000003,1.2535653000329663,2.0109340033434457,5.2457403268189395,29.258777844662127,9.290631862916493,0.5231490974130365,0.08459979906605529,3.317856341375216,4.18465661635735,1.478459982215684,0.739229991107842
B0006,83,125.1852342409335,3.854783214350721,3.738485871535049,3.622937103601011,-0.3912186835081382,112.5,1.2541003614104669,2.0105917069482877,5.173129327366929,29.532803792940413,9.20712612318847,0.5776118561130705,0.0843431136729067,3.346699814911261,4.124972359906501,1.4732148448999731,0.7366074224499866
B0006,84,126.0476902497649,3.8513592506253738,3.73449724590286,3.618877548447141,-0.3929338808046094,112.43800000000002,1.2518335282306372,2.010214607447988,5.195847330899124,29.425236018415337,9.241665077461358,0.5601695279625807,0.08489233721522536,3.337627362436681,4.150589686028798,1.4675164935067897,0.7337582467533948
B0006,85,128.0585747426539,3.8460009463049443,3.728874939134507,3.6127439854964623,-0.3952177543329378,102.93700000000001,1.2499602454270282,2.0100460669034232,5.179920217175717,29.21032403872702,9.176192904583795,0.5259380068233477,0.08623219385379623,3.319334205360076,4.144067970262593,1.4516292657521337,0.7258146328760668
B0006,86,128.20229340746778,3.8440387711608968,3.7261326323470825,3.6091382226957234,-0.3969618095301864,103.07799999999999,1.249977199696588,2.0105100922865877,5.256981907369632,28.94469626656287,9.302526023871195,0.4769438166063825,0.08636883447616266,3.293080474384805,4.205662238195768,1.4519237720967175,0.7259618860483588
B0006,87,128.09109395257752,3.8438827483309126,3.7254260678222604,3.608373150965616,-0.3979581346799195,103.18799999999999,1.2498935602720147,2.010638962823296,5.303635709202169,29.18195882948914,9.39993228461479,0.5119434232539302,0.08630498327851184,3.3117547306168786,4.243269889355968,1.4471484694777743,0.7235742347388872
B0006,88,127.53446199284019,3.8454375138401047,3.726738596014349,3.609451673537528,-0.4001543026967254,93.70299999999999,1.2496201299741303,2.01052488071198,5.261272314207321,29.51601546961129,9.342347764462298,0.5729970942721937,0.08592018589290382,3.3443546161011053,4.210297343974637,1.4468538105659885,0.7234269052829942
B0006,89,127.62631541085642,3.844619695018326,3.7257010739015457,3.6078490523199247,-0.4017664598106866,93.65699999999998,1.2487246064824093,2.0103455306989,5.246133313119021,29.57617886758215,9.346311333347707,0.582329813380555,0.08596672822415677,3.3493891413614865,4.2011931901439015,1.4416741930284678,0.7208370965142339
B0006,90,105.26908681319026,3.8954687131590835,3.777039588482084,3.665437729784722,-0.3701830386155035,177.985,1.2673905169682367,2.01026960895747,5.62670422676036,29.722706311416307,9.652954292413225,0.5300758837105579,0.0709019564784411,3.3218251254644957,4.4395978598768195,1.5935866593100128,0.7967933296550064
B0006,91,117.56209108781923,3.8768993894792105,3.7610615249636092,3.646309255227763,-0.3850045717882719,150.094,1.2619974702002208,2.0107216917197874,5.109114369592074,29.84498287913552,9.110905014806939,0.6260072374691725,0.07921728944289384,3.3727935685528165,4.048434715785518,1.5463902376915637,0.7731951188457818
B0006,92,122.18923947798844,3.865804321485207,3.7502888118073248,3.634344596279425,-0.39153801507797237,131.10899999999998,1.2571818022628924,2.010525871889515,5.020129028850903,29.7876666803378,8.950181625490085,0.6294888315567816,0.08231918147801352,3.374790770676427,3.993160750350355,1.51470559175661,0.757352795878305
B0006,93,122.83011775237144,3.8618414594310826,3.745017511917054,3.6277785547431542,-0.3962305769355094,131.141,1.255398648562939,2.010142808035095,5.04355677344612,29.54942905359209,8.992031731623616,0.5920875445327933,0.08271941276166533,3.354511695206687,4.017494187379845,1.4989786083335404,0.7494893041667702
B0006,94,123.95322287158136,3.8578112539169047,3.7398246598306413,3.62173261779284,-0.39989781878752306,121.735,1.253545047504259,2.010188141621254,5.094765774286451,29.38650326632678,9.07790551086948,0.5614023657366884,0.08347952826125511,3.3381448657881343,4.064286149452591,1.4831110745410492,0.7415555372705246
B0006,95,124.9632628149423,3.853969651774978,3.735061511164449,3.616379916143023,-0.4033666266061313,112.34400000000001,1.2523404596053334,2.010549480321907,5.115942574153777,29.274638640058136,9.089531241397747,0.5425091883893571,0.08419002475687071,3.3280683083070017,4.085105240284285,1.4729664825468278,0.7364832412734139
B0006,96,125.52752227279224,3.851858406807107,3.732442928909383,3.6127896594631137,-0.40580792099764823,112.43700000000001,1.251965272434484,2.010667425525341,5.132959570507374,29.34420602884107,9.114628352935588,0.5529851301975837,0.08458009922447349,3.333571065429487,4.0999216859475505,1.4627604396099307,0.7313802198049654
B0006,97,126.0044175078609,3.85017430650257,3.7299103712838697,3.610041081841792,-0.4081768126902724,103.01500000000001,1.2507524960999823,2.010236840237908,5.146757099778078,29.395680669480218,9.134834387106935,0.5616463419886636,0.0848650704607861,3.338145966902089,4.114928505700666,1.4518364681062514,0.7259182340531257
B0006,98,127.24304483508014,3.8467261780069766,3.7260265190838604,3.6057741565567016,-0.4101827898619188,93.672,1.2492596790190515,2.0102621332208517,5.1079894533913865,29.402657617680006,9.090412125877537,0.5668376263453689,0.0857014532984736,3.3409752854593986,4.088813190066538,1.4468670644030392,0.7234335322015196
B0006,99,127.53889004120389,3.845427795082102,3.7239890613313555,3.603502890197829,-0.4122601691172909,93.67199999999998,1.2480454377342642,2.0100685731292036,5.174071086937868,29.42087494309404,9.169635693054456,0.5633795945639856,0.08588417135552458,3.3392820776795857,4.145739354114396,1.441380399427779,0.7206901997138895
B0006,100,127.7818002260109,3.8440189516230427,3.722109128793252,3.6008889300108766,-0.4143034221548254,102.86,1.2476229939791381,2.0103416938098952,5.1572554257401855,29.44489020600676,9.151555734949289,0.5709134502547417,0.08607113137630805,3.3431884011125876,4.133664937748351,1.4312107449607745,0.7156053724803872
B0006,101,128.44300691831597,3.8420541052654507,3.7197554657707563,3.5983276265648403,-0.4155981125909188,102.88999999999999,1.2469803189913369,2.0103682326774592,5.171633061400488,29.45527611929245,9.18424076820112,0.571123348237261,0.08651879054242625,3.3433153886137634,4.14732532874596,1.4260247179525716,0.7130123589762858
B0006,102,129.294472651467,3.839462424250629,3.716544900911177,3.5949353948021265,-0.41763123262382457,93.781,1.24613647287559,2.01011582913967,5.156726320535352,29.435601045844393,9.143715071994578,0.571521362204698,0.08707046741422211,3.34336813528577,4.138171406407572,1.420487649966195,0.7102438249830975
B0006,103,133.95900311842126,3.831661754314681,3.711047459725956,3.591837312460072,-0.41131327249562116,84.29599999999999,1.2443682684088002,2.0105907580389553,5.206408741446108,29.52432328125426,9.262851479938968,0.5829015856288075,0.09025432457147574,3.3495738533571244,4.183977423422772,1.4207006230355006,0.7103503115177503
B0006,104,123.4576633255832,3.85496186115627,3.7320806168356,3.6111364050819375,-0.4147105366092939,112.42100000000002,1.2520155241433821,2.0110013795336585,5.132866860443951,30.20394356042852,9.135732192576468,0.6962323517640081,0.08321306897817862,3.4105396185159855,4.099683080172518,1.4522558043308391,0.7261279021654196
B0006,105,127.80927640232015,3.8450423902774205,3.722452360835654,3.6007474647320485,-0.4173900766287249,93.68799999999999,1.2483523245106811,2.0105968495500455,5.153567201060174,30.03209077358166,9.153087858776702,0.669258419615785,0.08611149340284423,3.39604162927123,4.1282954338073,1.4315576327725712,0.7157788163862856
B0006,106,129.92406623660253,3.839079835179213,3.7154103737032638,3.5937546970445555,-0.4201599833928687,93.672,1.245224607684041,2.010378821276547,5.152281219055592,29.86500826610683,9.12141522811434,0.6436506217024472,0.08751734916830664,3.382324212544976,4.137632028199457,1.4150157511589432,0.7075078755794716
B0006,107,130.28359742018264,3.8365082904867043,3.7120571702924465,3.5896061652275733,-0.42274483895763515,93.657,1.2438032379361206,2.010430633449898,5.185349871859227,29.671112437762737,9.17356304557719,0.6082917282279621,0.08776405434788875,3.363481236922829,4.168947075956669,1.4097311506517451,0.7048655753258726
B0006,108,130.03311965616498,3.835376574671747,3.710129353416334,3.587103894468012,-0.4246677011263321,84.297,1.2435386890197726,2.010942454851257,5.270167986858571,29.674242637066143,9.310190253759817,0.6018028159052392,0.08763992910095064,3.359921497204281,4.238041030321956,1.404917318129309,0.7024586590646545
B0006,109,131.20896622219104,3.8336726276944275,3.707728744098653,3.5877946207347424,-0.42762801289401925,84.20299999999997,1.2255791201255504,2.0106342625188303,5.188137741779791,29.932444142386213,9.31482988440589,0.6401092149076086,0.08840532422573588,3.385335022957024,4.233213226779116,1.395164296571563,0.6975821482857815
B0006,110,130.13780704892145,3.8352461529873874,3.7088984118220765,3.585397725330186,-0.42835755196386993,84.31200000000536,1.2436929527155685,2.010731199730909,5.223320042859591,30.115256666843862,9.249452061102314,0.680632069667716,0.08769205898158224,3.402238729281925,4.199846940882489,1.3945343832614077,0.6972671916307038
B0006,111,131.03410778897833,3.8316173047074567,3.7047312453020718,3.5802591537796817,-0.4302646574639291,84.29599999999999,1.242365230972221,2.0104581882730255,5.26953170050777,29.90120730073793,9.310018700539299,0.6415720321509507,0.08827204671985744,3.3811202307215757,4.241531853224887,1.3893171179312644,0.6946585589656322
B0006,112,131.61260580476667,3.829126542601465,3.701292314962111,3.576790234802335,-0.43155130965856864,74.85900000000001,1.2410672569667507,2.0102884813835025,5.297847672699458,29.718798665454266,9.337452769092456,0.6088271982690344,0.08864678836116754,3.363449041586671,4.268783696419276,1.3838379472327809,0.6919189736163904
B0006,113,132.9966039020475,3.8269706852445453,3.6985992103743914,3.5747347272583183,-0.4328501911236502,74.875,1.2398019051967382,2.0107967895189756,5.254610109265293,29.93933915513737,9.27120449176923,0.6504813585598929,0.0896242774111469,3.386061274594574,4.238265877185811,1.3736814238195123,0.6868407119097562
B0006,114,131.40968254344992,3.830261142309124,3.70162731006078,3.5765303358913574,-0.43448368272328286,74.813,1.241258048126089,2.010525527944395,5.268729706234907,30.23787067069364,9.287369151084917,0.6983239466646461,0.08853098562783963,3.41175262380549,4.244669119518733,1.3786059891863676,0.6893029945931838
B0006,115,131.75353814818888,3.828724245391773,3.6990137746646297,3.573836712417554,-0.43617761204508443,74.92200000000001,1.2408714473042646,2.0103031141064442,5.258065533513289,30.095976197989305,9.270462165422263,0.6762246378198327,0.08874300428813953,3.3996978345892948,4.2373974717011915,1.3737600299108574,0.6868800149554287
B0006,116,132.43321077935792,3.825700939634324,3.6956530733674295,3.5703128201555288,-0.43754522384314254,74.89,1.2388845535225543,2.0099577474806236,5.281186742214192,29.90066538147205,9.315444750415729,0.6425779893669284,0.08917015344102658,3.381630225231971,4.262856234019586,1.3682580583942712,0.6841290291971356
B0006,117,133.30727475046612,3.8229971329132355,3.6921891864892844,3.5662633375006783,-0.438870858002696,65.59300000000002,1.239503668352267,2.0109357672721226,5.350166002172148,29.72846673687352,9.359449363578495,0.6081674002436417,0.08984605178039072,3.362754926244431,4.316377707283744,1.3633024037317505,0.6816512018658752
B0006,118,133.44250987706795,3.8230264541023677,3.6918080325447273,3.5660541562905506,-0.44003584247161026,65.609,1.2385720728573435,2.0110877938004452,5.337473905960309,29.98014928017369,9.348907663479629,0.6493872911233438,0.08995079615913061,3.3852834461019556,4.3093769211564235,1.35809661401726,0.67904830700863
B0006,119,133.41503903715898,3.8241189790012844,3.692711191093784,3.5667606090563817,-0.44104936620092117,75.06200000000001,1.2393887326416497,2.01105458636475,5.298857894446094,30.336911738915592,9.28359564469159,0.7138661386391533,0.08992930871159785,3.4199684974984943,4.275380076396239,1.353269090999531,0.6766345454997655
B0006,120,139.47392396681153,3.8195803758858653,3.6935377468836985,3.572808044400292,-0.42623443275811895,74.828,1.2382805646883768,2.0106692792209757,4.961536209660654,30.152569744771533,8.692677419548705,0.7103735056784202,0.09397731960503691,3.418374596743366,4.006794866322774,1.3841605738237488,0.6920802869118744
B0006,121,126.0534613722017,3.8445603220581894,3.713554520774173,3.5889309497522066,-0.43648648331223217,93.84399999999998,1.2456026479158937,2.010666814988728,5.21676558518023,30.441492564207696,9.273259222848631,0.7330907384129115,0.08493442396249479,3.4307525347656838,4.188145869719185,1.4051467790651473,0.7025733895325736
B0006,122,131.28240227400602,3.8323529802913656,3.7015844600887005,3.5760646706289982,-0.43873357777523925,84.297,1.2413834013627838,2.010074879591872,5.224349908442566,30.108552872174567,9.219139289961715,0.6790609789048803,0.08840559204359484,3.4013169765601985,4.208490223654757,1.3787190226273531,0.6893595113136766
B0006,123,132.4616319331753,3.8272308719793826,3.6946940717568917,3.5689766440600144,-0.44197418943410266,74.844,1.2390986284648204,2.0101915855193204,5.289301684897552,29.78685971419057,9.299481592178223,0.6218962985064651,0.08921004375200232,3.3704738424681855,4.26866882376484,1.3682657783199066,0.6841328891599533
B0006,124,132.98622784721996,3.824905545889646,3.691342402639217,3.56479525272757,-0.44455849858955315,74.937,1.237332357024689,2.010226657876511,5.336021256275689,29.71505563605017,9.367181292561298,0.6040073813573864,0.08956647305151945,3.36115669564414,4.312520581864342,1.3573151296618016,0.6786575648309008
B0006,125,133.45495861099107,3.822733254446014,3.6885252573452734,3.5614696742053886,-0.44683428558656774,65.64,1.2369990752340616,2.010145127209406,5.351994947276783,29.70136183253221,9.361318773080567,0.6021010358652639,0.08987487337281566,3.3598930444726824,4.326595754539341,1.3524934638801596,0.6762467319400798
B0006,126,133.9696185091463,3.8213720819514885,3.6861038464111004,3.5589922579458264,-0.44907016835665287,65.53099999999999,1.2367251967322188,2.0104048761315303,5.3559107962925765,29.669527386618928,9.381343791840521,0.5974298673056906,0.09024478782088083,3.3573137649613014,4.330720204006858,1.3474099151661236,0.6737049575830618
B0006,127,134.22077163359876,3.819735582231994,3.683605209563385,3.555693977694425,-0.45099632854364025,65.59299999999999,1.2364906489107796,2.0105419973659098,5.355187461925908,29.64073257678496,9.377664515307895,0.5942954472321756,0.09042630384509108,3.355376115069864,4.330956701244182,1.3370075130842318,0.6685037565421159
B0006,128,134.59960847667145,3.817958622220143,3.680849344590103,3.5525582420992725,-0.45290001018008136,65.562,1.2342770707132444,2.0101677431518827,5.378436726234213,29.53499212199168,9.405637518022852,0.5731855867278702,0.09064777436790937,3.3445017741848546,4.357560270585118,1.3312352966718526,0.6656176483359263
B0006,129,136.24066994696895,3.81441693856978,3.6765072690323883,3.5484720111311345,-0.45414146457225135,65.62500000000001,1.2331026906434155,2.0103313205503093,5.374052990871242,29.47047394790568,9.369530042255144,0.5628529381071081,0.09176790095499639,3.338936151267019,4.358155270967041,1.3259303781727645,0.6629651890863822
B0006,130,135.55663103372126,3.815058289557701,3.6762989671184294,3.5477728801734867,-0.456231725032215,65.563,1.2334994625143676,2.0106291332728286,5.4072184561132275,29.503392958166035,9.433747777188799,0.5651084843619082,0.09133420618421831,3.340060809344265,4.383640707139947,1.321578743867529,0.6607893719337645
B0006,131,135.53019236353236,3.814619084993112,3.675426967025154,3.5464018100213246,-0.4579210073319456,65.546,1.2333584557151032,2.0103572625384887,5.426389345116206,29.553299709607217,9.450507375825023,0.572881093076598,0.09129169921766389,3.3441839034707312,4.399685525300086,1.3212250740661091,0.6606125370330546
B0006,132,135.85194197938085,3.813501465035973,3.673330993361405,3.5442730101733084,-0.45958137537899446,65.5,1.232152586570704,2.009981840244479,5.433473591559508,29.49427079236196,9.461376482586893,0.561053735478655,0.09147425222378713,3.337910009717922,4.409740847667102,1.3156485301862682,0.6578242650931341
B0006,133,141.4130382963912,3.8084312092611876,3.671961960155593,3.5459711740400417,-0.4506535102684682,65.73400000000001,1.23211177305686,2.0098533013243665,5.166123784261085,29.89072189656789,8.981950415391575,0.6509885905787216,0.09520657062344652,3.3861649572756862,4.192901891882723,1.3209025697502388,0.6604512848751194
B0006,134,129.0591108999094,3.8328048778552395,3.6934310075490027,3.563962244728834,-0.45909123338935864,84.297,1.2387790039064188,2.0099771215949436,5.1189140743660175,29.988346606299963,8.942350011113492,0.6659992742054184,0.0868999740490804,3.394283256465951,4.132225407618158,1.3474328767273906,0.6737164383636953
B0006,135,131.7553484942337,3.8251545115660988,3.6837973229671195,3.5542598236274348,-0.46274487356315486,74.906,1.2352595185696904,2.0105601430604607,5.143711481321532,29.755867134237143,8.946171808107598,0.6268348588696927,0.08876691803409624,3.373478342407217,4.164073544057726,1.3260128072353616,0.6630064036176808
B0006,136,135.2268358046174,3.8171560606883097,3.6752855511363265,3.5456134212300263,-0.46409183457787956,65.609,1.2329139451871,2.0098078368580854,5.190448920325284,29.56582320815773,8.975261492103332,0.5906997318706453,0.09103758036014692,3.353716147262311,4.209903651902981,1.3101186784831065,0.6550593392415532
B0006,137,136.04387235872852,3.813715988288919,3.670558718442773,3.540294915330939,-0.4663961255878501,65.45400000000001,1.2311756115802777,2.0101433040342354,5.2119633421699305,29.284811463757812,9.02806520240372,0.5445500004747156,0.09161820399433089,3.329122987843558,4.233322438445727,1.30521620229393,0.652608101146965
B0006,138,135.87337725622132,3.81446123014461,3.67060956288978,3.5402521585490248,-0.46787566467607694,65.531,1.232214274750911,2.010484119564657,5.205588497560949,29.62001126900116,8.968472434622637,0.5989133604238532,0.09153441578632153,3.358050240240693,4.224580581663239,1.3004061951355774,0.6502030975677887
B0006,139,135.30959289740554,3.8158334700445593,3.6713545454463485,3.540802118313515,-0.46993170509630766,56.17199999999999,1.2321697532908067,2.0103433395462313,5.188461966581894,29.87568191831368,8.944603697556518,0.6434041800265203,0.0911418433158281,3.382075628191742,4.210833736767888,1.300235735841116,0.650117867920558
B0006,140,136.485545628795,3.812749070566201,3.667144333637911,3.5361975317713528,-0.4719957909495792,65.563,1.230630607528509,2.0101165138915156,5.214355198852292,29.651058007649013,8.96886845771329,0.6042738776180768,0.09191319710753681,3.3610409883079173,4.237140834099964,1.2895066722480757,0.6447533361240378
B0006,141,137.89549711967953,3.808433895235235,3.661629907443178,3.530826121146736,-0.4738343568682282,65.54700000000001,1.229134169467737,2.0099060185304327,5.2521141473703885,29.363439936384548,8.966363904320495,0.5520587649899587,0.09284325024214801,3.3330480316245414,4.273019396771598,1.279253057384795,0.6396265286923974
B0006,142,137.55593214690197,3.8076781480938533,3.659662267338409,3.5279655561569245,-0.4766728028664288,65.46900000000001,1.228036594886003,2.010307632945015,5.305707903788491,29.21356930684751,9.104527870532324,0.5229379529288098,0.09265164129424895,3.317698926234769,4.320480290150484,1.2792078171714618,0.6396039085857309
B0006,143,137.14941374742725,3.8094391308814584,3.6608591916984223,3.5290307798773384,-0.477866796976741,65.578,1.228390322459914,2.010288417966009,5.313159556267582,29.50462400899589,9.105625159435947,0.5690011175985195,0.0923760624061088,3.3422993733895807,4.325302356361544,1.2740367609029228,0.6370183804514614
B0006,144,137.16659271298974,3.8096011013135995,3.6604649377481526,3.5279285443132045,-0.47994767383284803,65.672,1.22905082303134,2.0103609019406954,5.286698346589549,29.5887319143978,9.030716839285542,0.5863019303101966,0.0923942956529254,3.3514283319859137,4.301448115506239,1.2741273923001468,0.6370636961500734
B0006,145,139.05853249281694,3.8046414374841495,3.653956571446077,3.52210036187228,-0.48116037436671877,56.32799999999996,1.226998784160422,2.0105964378575654,5.2950052242721455,29.336371528368115,9.014921801893935,0.543474662848668,0.09369064074681652,3.3285776043556883,4.315411956903666,1.263763942644078,0.631881971322039
B0006,146,138.90148465850962,3.8033212608516798,3.6517463878193515,3.5184974748391737,-0.48412327763708196,56.140000000000015,1.2259443144313835,2.010231820713896,5.367891343465605,29.107525560779205,9.112292533710503,0.4977110691010978,0.09355089010061556,3.304286588816609,4.378576808323741,1.2581373688955233,0.6290686844477617
B0006,147,139.38730439338963,3.8022835831924704,3.6492953376373536,3.5158482645586524,-0.48594424186515267,56.13999999999996,1.225562855027366,2.0103888253595343,5.417946452961736,29.008276238276967,9.216996378271272,0.47879373595052005,0.09389275712906357,3.2942033806208184,4.420782198756144,1.253259864055301,0.6266299320276505
B0006,148,137.95524869110398,3.8055116993947675,3.6522521428906556,3.5187546396045946,-0.4878401457532765,56.12500000000001,1.2259897133925586,2.0103461072721385,5.373335016912762,29.35030954894072,9.202710934143763,0.537241492662548,0.09292416016135413,3.3252704234648993,4.382854895285924,1.2532313315493426,0.6266156657746713
B0006,149,139.38018412834668,3.8033132904075675,3.6489913324273737,3.515485776615668,-0.4890445374986131,56.156,1.2261784912493583,2.0108614024792697,5.3701625891714,29.35781551655445,9.09431567098746,0.540742595224713,0.09393210605206896,3.3269767658835154,4.379592879418166,1.2480874960313575,0.6240437480156787
B0006,150,147.21721904141612,3.790987726745932,3.639754411245849,3.5120343839935044,-0.47373376805781237,46.812,1.2226519858709617,2.010395744612496,5.459217470694213,29.09410446969798,9.20138009708471,0.48822254953014693,0.09916775276651803,3.2991806834539448,4.465062449316119,1.2534354284944844,0.6267177142472422
B0006,151,131.18910444463373,3.8261974171839586,3.6745940679493536,3.541421401649265,-0.48546057430830347,74.937,1.2334264796872052,2.0102238175653055,5.473794088026423,29.70761746385155,9.545956387956126,0.5871446663052174,0.088355857398486,3.351895056758844,4.437876256243962,1.28980487732669,0.644902438663345
B0006,152,136.76647392883322,3.813014950947546,3.658882473788773,3.526048118237404,-0.48875852311046547,65.5,1.2280267452469078,2.0101367704783475,5.509487873970361,29.71004404500369,9.485379602180014,0.5848909693504041,0.09210423840913683,3.3508053760032825,4.4864559304550164,1.2635402021758837,0.6317701010879418
B0006,153,137.55967606501486,3.809252171867581,3.6524913372169503,3.51867266213511,-0.49351193432587454,65.578,1.2268965545854462,2.010357543609934,5.5430221110723,29.568029120606603,9.49101326246027,0.558043112721334,0.09265876380997537,3.3363089243220063,4.517921327886703,1.2479761706842851,0.6239880853421426
B0006,154,138.753471300169,3.8053552798776513,3.646581589776535,3.512909840509351,-0.4966223388082479,56.108999999999995,1.2249633255587362,2.0104362193851344,5.617897698624596,29.518435580398577,9.53714511080657,0.5424401294271324,0.09347020735961091,3.3280225786872175,4.5861762400618264,1.2321202877943334,0.6160601438971667
B0006,155,138.7743788624303,3.8043020020077662,3.643788987664916,3.509313599425861,-0.5004861744231345,56.10899999999998,1.223782747316121,2.010550814263262,5.621819178141408,29.43884453919443,9.615754543955912,0.5302801290024731,0.09349494909215017,3.3215272150329342,4.59380489753645,1.2271137666213534,0.6135568833106767
B0006,156,138.89511587596053,3.803262318261159,3.6412812329264694,3.509589076445573,-0.5058821758137949,56.343,1.2060625609341789,2.0102170494281735,5.622887031467904,29.39493689018385,9.716976570895794,0.5125144714241688,0.09354522592631628,3.3162273665022015,4.662185207965157,1.2217397581377356,0.6108698790688678
B0006,157,139.55472059443088,3.801783411130066,3.6384036191652567,3.503503597130928,-0.5057746549751355,56.20299999999999,1.2218419696547294,2.010313694977486,5.674044939098987,29.47984564020997,9.612305325508741,0.5298143539799893,0.09399850440306941,3.321500005319571,4.643845178032615,1.211102678915174,0.605551339457587
B0006,158,139.46191186431685,3.8011869769472266,3.6363448421409954,3.5006658344504435,-0.5089061860842098,56.157000000000025,1.2215859366846251,2.010181390358973,5.727201488947177,29.457517997906866,9.69348100852402,0.520544028659814,0.09392362813960273,3.3164254472731702,4.6883328605523715,1.2056159765131735,0.6028079882565868
B0006,159,139.42868060895492,3.800645817090203,3.6343995763782853,3.4981492396693485,-0.5113355053007315,56.187,1.2215719808318757,2.0103572331954775,5.737516755635333,29.452598065883823,9.726836885283046,0.520000875015489,0.0939176767841717,3.3161104043683878,4.696830678555801,1.2008936262717274,0.6004468131358637
B0006,160,140.30760857507926,3.798502330816761,3.6310200415407543,3.4950333312048176,-0.5126564008964056,56.26599999999999,1.2214227651118639,2.0104432493215594,5.750901547558378,29.52572576900701,9.68891646640355,0.5297628522369737,0.0945178009674494,3.3211744769179976,4.708362830482926,1.1905903985558337,0.5952951992779169
B0006,161,140.3394709545732,3.7989808904668694,3.630166484640098,3.4937321285667187,-0.5160972679605879,56.21900000000001,1.2194523124631846,2.0101021173133105,5.766972207630051,29.57791897866743,9.738594885473468,0.5374095334100818,0.09450718484128652,3.325521412026206,4.7291494293707,1.185179251041941,0.5925896255209705
B0006,162,139.93268738399252,3.7989468549842793,3.6287939393265076,3.491737178446513,-0.5188212547189007,56.23499999999997,1.2199239537100741,2.0103490366737335,5.747664376969016,29.616459799372592,9.743939007384608,0.5455957025521314,0.0942564017898985,3.3297352657376273,4.711493990661487,1.1796706818144624,0.5898353409072312
B0006,163,140.69023912030727,3.7972969165373796,3.6257900123666094,3.4884386587180267,-0.5215100133713135,56.172000000000025,1.2189363165636344,2.0099863867307883,5.802288810821143,29.574463005196662,9.764710343292139,0.5316057078775239,0.09473248929575699,3.322271077653483,4.760124652925816,1.1745952836753917,0.5872976418376958
B0006,164,146.12186658366346,3.7866950715158367,3.613210983308482,3.479041023348884,-0.5182905150278985,46.735,1.2150338166113468,2.01028683564055,5.8111718607678,29.57888165200564,9.661282588674705,0.5292388281851652,0.09841924255046214,3.321096770934283,4.782724382910423,1.15381833159625,0.576909165798125
B0006,165,141.2342249967306,3.7958206560188987,3.6212998249936974,3.483590398102311,-0.5261215951643919,56.218,1.2181242105188426,2.0102896597477193,5.84690688221988,29.68759646167726,9.810505497264352,0.5461506713403589,0.09512747698942686,3.330049813670292,4.79992666735478,1.1644009557372264,0.5822004778686132
B0006,166,140.82313414795652,3.7960031824581164,3.6202186364138402,3.4819175550344657,-0.5295321474462581,56.218999999999966,1.2173615527621278,2.0105008798351083,5.860632625597326,29.720903403884964,9.83390675816177,0.5502112195122691,0.09487052203052718,3.3323112432348085,4.8142087388088335,1.1587974947916069,0.5793987473958034
B0006,167,148.736453699937,3.7904754946222874,3.6216962575136566,3.4927560356095944,-0.5020306105298068,46.85999999999999,1.2187135801839126,2.010728242134055,5.294157460741772,30.057543204244965,8.861568351173057,0.6480149730713158,0.10022427606772788,3.384685969998661,4.344053883393049,1.1749748834769171,0.5874874417384586
B0006,168,132.97043001318383,3.8199358157388077,3.648023203878945,3.509612723939066,-0.5262937959672322,65.547,1.2270559528548974,2.0117056452199003,5.391905908184061,30.35852887496781,9.149620773021292,0.7014763567691437,0.08968765977636202,3.413630072596096,4.3941809626848105,1.1856752327929356,0.5928376163964678
B0007,1,107.80169772288008,3.9291382422738312,3.8335033520695303,3.7608701271122142,-0.28727604639909093,308.9680000000001,1.237392034351571,1.9900150007011501,5.209052721014295,29.21330943020898,9.066561347370959,0.45507689470428747,0.07115198987313634,3.2888973605417,4.209702807521295,1.89105229539079,0.945526147695395
B0007,2,105.46861432644593,3.934538753710201,3.8380008876711758,3.763619858580821,-0.2934737902514064,327.60900000000004,1.2385238874661193,1.9900573151168413,5.086561226169511,29.420960894809152,8.870762538270158,0.4984759268772429,0.06961505313758651,3.3126766793278852,4.106954478347643,1.8806370276868591,0.9403185138434296
B0007,3,104.37224834072939,3.9372968651750733,3.8403696516967227,3.760733079163144,-0.2937127290138362,308.812,1.2763830855302662,1.9897742591058,5.103630669790849,29.48983875672696,8.670385998019055,0.5278460551704665,0.06887179547597264,3.3201133610680524,3.998510108484064,1.8806626717011388,0.9403313358505694
B0007,4,104.03674417832578,3.938390914575586,3.8410473560564298,3.765431188658799,-0.29828387804782236,309.07899999999995,1.2390597611966951,1.9900064906434927,4.996803597501604,29.294424714054212,8.753195340994782,0.4844051772020848,0.06866643303022148,3.30524028731686,4.032738172915603,1.8807709009833444,0.9403854504916722
B0007,5,103.61487522292025,3.9391492268237447,3.841417558933785,3.765067949486341,-0.30028077376712264,309.04699999999997,1.2394930857305937,1.9901288001222548,4.998716883092122,29.198299916569773,8.766427776792458,0.469437033454375,0.06839639743523585,3.2968955241814593,4.032871938245409,1.879450872828505,0.9397254364142525
B0007,6,103.27661304933628,3.939808590711219,3.842189179084361,3.7612358670039696,-0.2988645179777899,309.235,1.2768219240282273,1.9901671185740182,5.1023701806778945,29.308706981746944,8.68750902003517,0.4952042737624787,0.06817573513224208,3.3028843025148205,3.9961486286047623,1.8807003517117404,0.9403501758558702
B0007,7,102.76806409328125,3.9413731065032187,3.844058470261927,3.767471295031795,-0.3010532245676852,327.01599999999996,1.239967455688541,1.9898760496985617,4.976904147661436,29.294361281238388,8.73615563585119,0.48319466255636356,0.06782018573787643,3.3043893706299903,4.013737719348298,1.8799352523566075,0.9399676261783038
B0007,8,101.69233774754471,3.9438171493606435,3.8462419521936058,3.768938289316877,-0.3021464503108596,309.547,1.2419391068884331,1.9894526253075764,4.926309385337937,29.295272316514648,8.633918062326261,0.49130111335387744,0.0670817192018117,3.3084790080879567,3.9666271542735805,1.8815088124038797,0.9407544062019398
B0007,9,101.52338107266152,3.943689878776287,3.84622620084747,3.768915670364622,-0.3031561588973045,309.187,1.2409395737253215,1.98988313306639,4.940051552732104,29.261800267596808,8.638456112013994,0.4815018366399709,0.06699925352700384,3.3034738886428396,3.9808961349358745,1.8696907870385844,0.9348453935192922
B0007,10,101.673885654567,3.944008747477632,3.8462978102866106,3.768825990172009,-0.3038163608458925,309.172,1.2404806313615973,1.9896512989090198,4.934007361987042,29.18299593244431,8.652890726403063,0.4695303468605716,0.0670829434733195,3.296998763190884,3.9774964938963167,1.8700523801391988,0.9350261900695994
B0007,11,101.36387214319728,3.9437415650688963,3.8459367724810867,3.7683087787596095,-0.3043292756476734,309.297,1.2411948558079013,1.9903154127911051,4.948815751405398,29.07499314233525,8.67028375666626,0.4502698765498216,0.06692305442942775,3.2865517752686637,3.9871384643986327,1.8700442394188577,0.9350221197094288
B0007,12,101.04344849904675,3.944894447196126,3.8473921706655085,3.769140680410958,-0.3047909569690603,308.99999999999994,1.2422102081564117,1.9904550634721712,4.946477950611385,29.33706323330353,8.661085035083964,0.4945114441107483,0.0667208644053063,3.3104185132988415,3.981997505842871,1.8596518987766364,0.9298259493883182
B0007,13,100.86360007895068,3.9457210892013226,3.8481366403951913,3.769834273195229,-0.3050171653919111,309.20300000000003,1.2417248864179906,1.98976970415048,4.88936013292912,29.30403931881245,8.60419276246255,0.49279497995992516,0.06655624978626308,3.3094568124788055,3.937555078752975,1.8590746560862208,0.9295373280431104
B0007,14,101.44206025877867,3.944421029820844,3.8467760041774652,3.764268077592291,-0.3027260317279216,309.047,1.2773847738391113,1.989288384665371,5.031738266218984,29.23218216729449,8.590373778584649,0.4877569896361559,0.06690557450876151,3.2990567107264597,3.9390936617291628,1.8590084577709232,0.9295042288854616
B0007,15,100.84509565522232,3.9450972943234404,3.847125421452378,3.7641174123049086,-0.3042765061033197,308.921,1.278429315671453,1.9900534960632512,4.993047357386281,29.14358102495921,8.53952635087229,0.47587921007869716,0.06656302249316633,3.2926536150949706,3.9056108117826187,1.8593622586957048,0.9296811293478524
B0007,16,100.98879761860347,3.9449332328124465,3.8466273230850927,3.767890787915616,-0.30668993455435073,309.57800000000003,1.2415915063000282,1.9897430970717276,4.945240664062897,28.95445016349912,8.66081548032722,0.43247274396691837,0.06663708095493928,3.276619679291307,3.982985256398725,1.8587355450601035,0.9293677725300518
B0007,17,101.1088955194651,3.9449833044043783,3.8465427623337596,3.7678245447263414,-0.30700274940851324,309.563,1.2415842525366447,1.9897579444981375,4.965917333759773,28.95980500903929,8.710288787163162,0.4298429001530817,0.0667173227820316,3.2752149708633285,3.999661983159058,1.847817291322145,0.9239086456610724
B0007,18,101.0411043238089,3.9447259651946536,3.8462914223313804,3.767309353097873,-0.30738526400635086,309.25,1.241271485946747,1.989810557827458,4.93921778544933,28.98571506078757,8.660126178773513,0.43574309007827855,0.06667611631709376,3.2785704945598915,3.979159951202836,1.8485252916137047,0.9242626458068524
B0007,19,101.24934956310761,3.944469365376168,3.846212506770696,3.7672413016061648,-0.3075837987169309,308.937,1.2413850457667261,1.990650038997491,4.944648320803427,28.996199495553387,8.684374897425897,0.43753900039508564,0.0668699232950131,3.2796865100163117,3.983170522043325,1.8483789518500344,0.9241894759250172
B0007,20,101.52064855253964,3.944729786070021,3.849229906723105,3.7722320798325897,-0.29882747953958894,327.39099999999996,1.2417084715231388,1.9892139296589533,4.838323665394313,29.27152020186545,8.49549744513078,0.48998689832606035,0.0669523949378803,3.308062798487255,3.8965053201734174,1.8807805437609768,0.9403902718804884
B0007,21,100.74209982731819,3.946879294943611,3.8518059479559628,3.77430515498446,-0.2994340744083624,327.125,1.2423677423453388,1.9896087895959975,4.867056792775571,29.581239257237808,8.5098019978629,0.5367727093355102,0.06646532462352554,3.333766812091983,3.917565328593894,1.88147215974436,0.94073607987218
B0007,22,101.11115343502811,3.945716424874607,3.849717680644275,3.7720499978967816,-0.30107659466569214,327.703,1.2425734921578118,1.9890962866834132,4.872548863395096,29.24989053968681,8.521245369356002,0.484766028753233,0.06667444780366079,3.3050064042769542,3.921336560088361,1.8810954313244783,0.9405477156622392
B0007,23,101.41544967476462,3.9445996491499162,3.8481996050850733,3.770151539592793,-0.3020677414807257,327.23400000000004,1.2417476131562513,1.989470622229165,4.886784410447788,28.901764506316272,8.54310678768714,0.4263231664455716,0.06690027934679497,3.273360532552073,3.935408740610863,1.8710089649779995,0.9355044824889998
B0007,24,101.78178027383642,3.9436736794200953,3.8471707014557652,3.769029525866282,-0.30220890318732296,309.32800000000003,1.2417847043083612,1.9892891626439644,4.898726211882259,28.762462394826542,8.585469050899325,0.4039606668317832,0.0671296875552019,3.261155565379414,3.9449078369915265,1.8701995151941373,0.9350997575970686
B0007,25,101.63973998669913,3.9439654641881545,3.8468332654327977,3.7683855039200407,-0.30346583034629837,309.375,1.2413316839851525,1.9892869898694419,4.9106487251529,28.69604983160191,8.60019086826845,0.3943850467875295,0.06703585912324381,3.2560764739461,3.95595213471699,1.8706715362800983,0.9353357681400492
B0007,26,101.81619204596919,3.943290936980847,3.8462591415817053,3.7629987366584094,-0.3025672404502026,308.641,1.2772283512554612,1.9897136211630697,5.012232761032067,28.720516367541837,8.542068669802152,0.40267123477105515,0.06718104360348257,3.2542243562234487,3.9243043392399293,1.8596124644020169,0.9298062322010084
B0007,27,101.94464349683359,3.94286856482683,3.8456723525150522,3.766848776860789,-0.3043727279095635,327.578,1.2404717860032548,1.9896736330386453,4.937335882993974,28.519957452921386,8.667733901938428,0.36345942372341583,0.06726309559060954,3.239417864872671,3.9802081262177285,1.860033909718346,0.930016954859173
B0007,28,102.25911061845994,3.9426484632424095,3.845605906593606,3.7663490928093184,-0.30470177607867277,327.656,1.2403930468923743,1.9893283705387648,4.935184450267627,28.47214250577893,8.680376558350774,0.35479064882991357,0.06744716712782886,3.2347848985098584,3.978726309883806,1.8591653109160768,0.9295826554580384
B0007,29,101.87479665438956,3.9431613961625875,3.8459733607809876,3.76624016644178,-0.30584342177258395,327.5,1.241092046568055,1.9894714957672206,4.961898431436371,28.51788214682557,8.693717553916379,0.3607371043927805,0.06720335374443764,3.237984907387408,3.998010014774747,1.8481398178778288,0.9240699089389144
B0007,30,102.43537766540285,3.9423079529135556,3.844890098220294,3.765391997444523,-0.3056040453832016,327.328,1.2400878083657718,1.9891992708226995,4.965615324895772,28.545806283132485,8.704128402470094,0.36383609030751196,0.06755465887469059,3.23971899585967,4.004244934428976,1.849201702126164,0.924600851063082
B0007,31,91.91938682017526,3.9556158676598296,3.8573740602094926,3.7747614782543337,-0.299846674363513,337.063,1.280767694338985,1.989922995834763,5.257311400514652,28.81219607146421,8.95791151552823,0.38890328641501004,0.06066363219208891,3.2475885886249363,4.104812624297176,1.8834677437950849,0.9417338718975424
B0007,32,92.03261340512404,3.9563437017730876,3.857042323685049,3.771761631942925,-0.3071512386202914,327.953,1.2807443334316884,1.9896424775472255,5.185514203683159,29.16781756478441,8.858604475918533,0.453825505610439,0.060721234546874434,3.2816004672422956,4.048828535347754,1.8628211117905844,0.9314105558952922
B0007,33,92.49372050137866,3.955250885469904,3.855119833452556,3.7690634850150624,-0.3094610633920078,318.53099999999995,1.2802515526666514,1.9895174248784784,5.218859758252787,28.97210613087027,8.906816926816992,0.41559561217963026,0.06101779268784265,3.2615224143824193,4.076433063004189,1.852085039652352,0.926042519826176
B0007,34,92.87391412603353,3.953259687663566,3.8524269052442084,3.7658043107169656,-0.31126190780247354,318.4839999999999,1.2792154618204716,1.989337312310654,5.168097349905125,28.492855740690604,8.888882683994817,0.3452733982759978,0.06125751224105448,3.2247320108346202,4.040052285289239,1.8469504648208708,0.9234752324104354
B0007,35,92.94807237594821,3.9531135570492455,3.851899848737106,3.764852020312437,-0.31271437765946547,318.516,1.2795636682643439,1.989317377071792,5.242488027241617,28.572830191146764,8.941891275741419,0.34687065661987776,0.061305196625957306,3.2254898545447532,4.097090404538257,1.8368284311690184,0.9184142155845092
B0007,36,92.50838256346982,3.9543739527117245,3.8534522671377442,3.766603681108869,-0.312075950510353,327.922,1.280207776346917,1.989377249324917,5.236509068145683,28.984981014820665,8.971352123407396,0.4194916893669471,0.061018865871405835,3.263417858309317,4.090358740897592,1.837161961967228,0.918580980983614
B0007,37,92.80876738869425,3.95331977071227,3.85186459771579,3.764169756878269,-0.31425886372710543,318.484,1.278946145758486,1.989208423411567,5.231685666612066,28.7381692731443,8.974768561840184,0.3798487884913888,0.061206611034070414,3.2427630074598857,4.09062233305327,1.8316722583718847,0.9158361291859424
B0007,38,92.93692625234395,3.952375261637502,3.850360429127598,3.7621871969066234,-0.3156256462555569,309.016,1.2783284201157255,1.9891954567943126,5.294797272052822,28.572286827894093,9.063028849834517,0.34555531164484726,0.061290331692364204,3.2249121036572066,4.1419694569361845,1.8211470951317783,0.9105735475658892
B0007,39,93.48468293219699,3.950957427857744,3.8485092768083176,3.760047442956071,-0.316485617796687,309.14000000000004,1.2785583932145295,1.9892531455822375,5.307840694862183,28.35148151308643,9.100573792544512,0.3099103077666346,0.061655143936660245,3.2062860682083314,4.151426108523132,1.8165060915115148,0.9082530457557574
B0007,40,93.49423844869062,3.9510765870900193,3.848791109443477,3.760461265613544,-0.3167035507779284,318.56300000000005,1.2784508295941908,1.9898487579521051,5.376309578744959,28.58343592775588,9.195822040306295,0.34141731603614667,0.06169837626401767,3.2227684615925605,4.205331526478434,1.811381560150456,0.905690780075228
B0007,41,92.78687824359932,3.953177591259083,3.851305739280738,3.762346724989553,-0.3168676130426611,309.235,1.2792221911622068,1.9895252685961609,5.335346032948067,29.107839024834817,9.109099167805375,0.4323223505087031,0.06121167050681355,3.2701578784507737,4.170773513630784,1.8116056333939583,0.9058028166969792
B0007,42,92.53621144049768,3.953688521724815,3.8514381308936247,3.7626668265922807,-0.31756260097529415,318.5,1.2790585772092482,1.9894719388254518,5.293151155341558,29.310174699242005,9.081280133515126,0.4705957751518439,0.06104303248378538,3.2904374227212396,4.138318017373822,1.8060548955557405,0.9030274477778703
B0007,43,102.64816588150255,3.9415073787022394,3.844538219593705,3.755742726117408,-0.3099523922943105,327.625,1.2755699960563784,1.9894577987310975,5.33714518321359,29.11709110817252,9.154003184620207,0.4396560427031554,0.06771258685670392,3.273555578993176,4.1841256847638295,1.8132041826994056,0.9066020913497028
B0007,44,92.11662070030502,3.953528642023103,3.8506030937674613,3.760382798041813,-0.3198906567753103,309.218,1.278697602089621,1.9893707155530986,5.29560316923634,28.845625796176204,9.044271842866936,0.39086796371524996,0.06076005920627711,3.248535149160136,4.141403847619935,1.8062641938283528,0.9031320969141764
B0007,45,94.05439457445131,3.9493850881228183,3.846331621241594,3.7556918073521137,-0.3208579017769798,299.625,1.2765953142746822,1.9892858481682105,5.342593025962611,28.44963564868304,9.184860476311592,0.324201490254272,0.062032920472150685,3.2139559267013427,4.185032614660731,1.7958310249900458,0.8979155124950229
B0007,46,93.97478725733453,3.9491399213304907,3.8454489657245814,3.754366164999455,-0.32253596585301875,308.969,1.2762791096645631,1.9890824716173912,5.366147879801925,28.368434164115357,9.23145911407275,0.3119180111307349,0.06196774341394775,3.2074466359084703,4.204525357476295,1.7858852600390451,0.8929426300195226
B0007,47,94.38808702815204,3.947962563566819,3.8439430449843544,3.752673684464379,-0.3233102453893748,309.15700000000004,1.2764059587598664,1.9891079189634429,5.410806587677527,28.401370190924016,9.331032604896741,0.3111991573226496,0.06224186921690424,3.2070095682451196,4.239095368165291,1.7803268604502749,0.8901634302251374
B0007,48,95.40283933898887,3.952226172358292,3.8565669703297605,3.767714723509948,-0.3068283038562096,327.89000000000004,1.2802980048117782,1.989045681441412,5.264720221518715,31.75849945189925,9.021392174213245,0.8713548351419458,0.06290708550758109,3.5071849293835315,4.112105308086224,1.8150756899575573,0.9075378449787787
B0007,49,90.40502891265875,3.960226926954505,3.8608785224859936,3.771293796434543,-0.3134802503121134,327.953,1.281728882582045,1.9893518632973786,5.322064377171582,30.723414959458623,9.106354259183677,0.6961299968004581,0.059629964266909835,3.4112810100257276,4.152254388190328,1.815702515484584,0.907851257742292
B0007,50,91.87723470564313,3.9560437955252588,3.855150325722994,3.7646100397354383,-0.3167263784108956,318.734,1.2805283892146195,1.9894617892691744,5.382958728823315,29.926000222158265,9.294665190532864,0.5649620842852171,0.06060770925061545,3.3404754517159336,4.203701201911517,1.8002432178056669,0.9001216089028334
B0007,51,92.14472238912933,3.9542680984275282,3.8524521451814127,3.7605410690481422,-0.3201954507717563,318.5780000000001,1.2793854864193626,1.9895942385667618,5.459985892514148,29.526426729718924,9.392429988147907,0.49337304922038205,0.06079225383018642,3.302450359622718,4.267662835378179,1.7904476205609308,0.8952238102804654
B0007,52,93.10975987112062,3.9519807138652667,3.84932242516072,3.75689451206046,-0.32185659412002726,318.5,1.278718025271068,1.9892962657946804,5.4714211477351355,29.228076921563225,9.459282482652513,0.44223305916434746,0.061410536429408094,3.2754376098973355,4.278833206073935,1.780343032300132,0.890171516150066
B0007,53,92.69451710932239,3.95166932031215,3.848754205733012,3.7556659622448527,-0.32374084742208503,309.46899999999994,1.2781242964539807,1.9893900833026485,5.4895734721635385,29.25667686608615,9.481182479799232,0.44608997362901087,0.061142429778426786,3.277487088391244,4.295023173719311,1.775328769596812,0.887664384798406
B0007,54,92.97047625170643,3.9519106939291047,3.8491533090711854,3.7559796741126834,-0.32443554135536445,309.03099999999995,1.2776031206825307,1.9895323250400663,5.541212394387465,29.629620839195205,9.505443969550806,0.4996181995317655,0.06133322551385399,3.3059541769542506,4.337193847356287,1.7702629734732849,0.8851314867366424
B0007,55,93.48120103966433,3.9504126411268823,3.8470019240319955,3.75317925474014,-0.326299557894833,299.7969999999999,1.2770545324957023,1.9895795788547004,5.4959615526128545,29.389755911577357,9.465303939462839,0.4677263900323683,0.06167308348256617,3.289048572371094,4.30362323046009,1.7600810618542042,0.8800405309271021
B0007,56,94.353678600736,3.948170221613235,3.8443780520257196,3.7501427189716754,-0.32787937596336775,299.6880000000001,1.2764764610189625,1.9895964230852854,5.5074877267127995,29.261384520691696,9.548491306844145,0.4481727868972818,0.062249743951314974,3.278463785520089,4.314601870775104,1.749647593537689,0.8748237967688445
B0007,57,93.97910746878767,3.9481489916549655,3.8438490730920063,3.749182477175846,-0.3289742299472573,299.687,1.2756609661441398,1.9895555891378365,5.501614903176595,29.12194305900513,9.545374582258379,0.4239615699091124,0.06200007600168939,3.2660611920493756,4.3127563272598834,1.7496500750593111,0.8748250375296556
B0007,58,94.25445797282197,3.947814244572491,3.8434241309988457,3.7484593519083647,-0.329951672153834,299.797,1.2762372640406097,1.9894493971360867,5.540961550169868,29.26581056520442,9.581790812944243,0.4476460188713898,0.06217509307169819,3.278257160332822,4.341639055912691,1.7450287392146833,0.8725143696073416
B0007,59,93.5654820309736,3.9493221092233743,3.8449474456603214,3.749701667545789,-0.3306625297813972,299.78200000000004,1.2762843713895127,1.989465405490824,5.482617465642061,29.72626125314217,9.513378655504749,0.5266100989841819,0.06172160235852475,3.320134126199874,4.295764790783297,1.7396457455286731,0.8698228727643366
B0007,60,94.09457369410691,3.947670071984434,3.8426420688152407,3.747046288398421,-0.3321421827730517,299.828,1.2764634612518244,1.9899357369938406,5.514543526471808,29.557239496359795,9.544349273697541,0.49768283362651305,0.062099975901657715,3.304676557262828,4.32017342749765,1.7285642277717963,0.8642821138858982
B0007,61,93.87016324787234,3.947366212359055,3.84161977799019,3.7453317654534746,-0.33400686667373014,290.4999999999999,1.2760401594796293,1.9893756066039636,5.523438630893104,29.423131018504854,9.55057954741211,0.474281904264378,0.06191699911215364,3.2922065370238927,4.328577427489091,1.7239003245884184,0.8619501622942092
B0007,62,94.72654581380068,3.9455904234413537,3.8392959856625826,3.742755793470614,-0.33562074777068324,290.454,1.2741487556582212,1.989436719245772,5.554088047051657,29.245318559388515,9.574310217663191,0.44242975820063024,0.06248571012078029,3.2757800940900204,4.3590577806454265,1.7139788776485192,0.8569894388242596
B0007,63,94.5790614540462,3.9458119388699493,3.8397814927063774,3.742678418224723,-0.3356252035553442,290.453,1.2751563525587257,1.9895585353341376,5.555690488595591,29.417962398074927,9.655024803150182,0.47316995022166153,0.06239606358466778,3.291712016057532,4.3568700241719815,1.7139701997004613,0.8569850998502306
B0007,64,94.83233161406785,3.945555273819854,3.8398268663198785,3.7421799352534455,-0.33738773308701936,290.453,1.2747235926183875,1.989222186695869,5.361747294049877,29.62127933430843,9.357770168745066,0.520552382995227,0.06254200027300615,3.3168339229483914,4.206203858701953,1.7036521173638766,0.8518260586819383
B0007,65,93.45089982795359,3.947119095684754,3.839923319852674,3.742494698342388,-0.33885699994860824,281.078,1.2752290202338847,1.9892559790000226,5.511972808279161,29.63994343426375,9.583810914522703,0.512575464735225,0.0616330388334867,3.3124977711951153,4.322339533386899,1.7040137474382486,0.8520068737191243
B0007,66,95.01041718754519,3.9439469602568775,3.8366013398364847,3.7385907000612337,-0.33972681210864036,281.234,1.2747198675162315,1.9895275025062007,5.5407121626107845,29.467395910238515,9.656349477605005,0.48499672873888533,0.06267868390391641,3.2977442309272367,4.346611599775849,1.6935716157343033,0.8467858078671516
B0007,67,95.76168160869807,3.9422991814093966,3.8348445645275353,3.7365813856015255,-0.3407647055975733,290.328,1.2724398336812999,1.9889174946532504,5.5680847245407215,29.32841309397284,9.688028013495943,0.46012332664724287,0.06313556177917955,3.2848831874533717,4.375911989827981,1.6876577363877656,0.8438288681938828
B0007,68,95.53330123588319,3.9422163854511587,3.8344879937418432,3.735919691137029,-0.34163057505178723,281.063,1.2729516904482396,1.9895353411262295,5.547774765522739,29.317516535897692,9.694297346607419,0.4599014366546063,0.06302412884564938,3.2847507968221374,4.358197414050506,1.6830744356583152,0.8415372178291576
B0007,69,95.50145937729923,3.9419525740562147,3.8339060708221813,3.735047324959601,-0.34261927417536764,281.016,1.2730579035842073,1.9896099940477872,5.574535976729383,29.388152590625666,9.720889366347217,0.47145564028438786,0.06300785069643358,3.290784536790247,4.378855008114445,1.6779270142025482,0.8389635071012741
B0007,70,95.16773531871263,3.942010114117875,3.8335866729001844,3.734469923868703,-0.3436948403964011,281.07800000000003,1.2733167815257138,1.989761671199624,5.577280672906433,29.429273150149,9.713272931202503,0.47676622178022415,0.0627972471361153,3.2936179786889332,4.380120292001196,1.6732060275966172,0.8366030137983086
B0007,71,95.98155641851409,3.9404455289134344,3.832290430029539,3.73248680303048,-0.3443391773144102,271.90599999999995,1.2725033841569249,1.9894290609961922,5.570436358969662,29.38527313900941,9.731197278767644,0.47148058879478816,0.0633130817326095,3.290757078160277,4.377541488944847,1.6674367208253988,0.8337183604126994
B0007,72,96.13614620021264,3.9398936005035377,3.831303736286841,3.731337687938253,-0.345464363619195,271.73400000000004,1.2719476638815341,1.9894136973607848,5.5801820822012544,29.37158462631143,9.743901352776412,0.46828842030066703,0.06341407556781632,3.2890828600249153,4.387116105998036,1.6622662630667526,0.8311331315333763
B0007,73,96.28957963420254,3.939042468019125,3.8301500507862403,3.730143937853828,-0.3462306901248421,271.687,1.2716025210979993,1.9893992906990237,5.580706201141368,29.370250378957596,9.804413424153513,0.4682050218726349,0.06351436461871475,3.2890517175303198,4.388719044314694,1.6574243065763063,0.8287121532881532
B0007,74,96.74044562393428,3.9381372571662085,3.829096869848452,3.728771165316668,-0.3473877766207171,271.78200000000004,1.2716819845887075,1.9897401086916122,5.594643181422068,29.37292193445439,9.775657085748756,0.4672263493944296,0.06383363001426676,3.288449311023802,4.399404292285787,1.652538684928734,0.826269342464367
B0007,75,96.75375545868981,3.937742111716701,3.8282760363850756,3.727660618734052,-0.3482358514006873,271.688,1.271537456035593,1.9896723957733977,5.5693991502878255,29.29940008821133,9.781423280541878,0.459970227575192,0.06383806725964694,3.2845924042236314,4.38005119224103,1.6472174627573322,0.8236087313786661
B0007,76,96.85274774350306,3.9368743153715724,3.8270795601176957,3.726179006766909,-0.34974781507513464,271.593,1.270235449220097,1.9892807465292952,5.575417057445133,29.250059057205853,9.795749751240812,0.4518764555037618,0.06387822716285,3.280518949768841,4.389278429340281,1.6364136810898071,0.8182068405449036
B0007,77,96.06991112241072,3.9378756949094256,3.827457959627771,3.726735758488072,-0.34967155151985685,271.704,1.2708034951208937,1.9891829873754765,5.528007043801313,29.18965693571301,9.723508428716526,0.445372559678399,0.0633556879415264,3.27703284817328,4.350009316960073,1.6362554312048496,0.8181277156024248
B0007,78,95.38461518718033,3.9400036992094702,3.830523235126452,3.7297097014506417,-0.34894864943709214,271.64,1.2722283403384311,1.9896465516077637,5.587883833384517,29.77769161135705,9.78197263864365,0.5348804414731069,0.06293307443899977,3.324384139127171,4.392201978379179,1.641119179218384,0.820559589609192
B0007,79,97.53055972811913,3.9350199740513396,3.8243342383976535,3.723102010819874,-0.3511184671240902,262.312,1.2697652442159082,1.9894883572861204,5.564308587638902,29.144411278617447,9.772129835325927,0.43814090910612197,0.06433869832094147,3.2731952377982894,4.382155373196495,1.6315700789656966,0.8157850394828483
B0007,80,98.4276543549726,3.932291368805047,3.8211872727730567,3.7198165921067248,-0.3519781763568711,262.2969999999999,1.2681633474374308,1.988826025720344,5.651075774821106,28.83785649871005,9.964451075353361,0.38160038555267406,0.0648872657596451,3.2434780196031494,4.456110315946441,1.621213282987236,0.810606641493618
B0007,81,98.13270885644107,3.9325866789508965,3.821182803677603,3.719270551859265,-0.3533775274434293,262.28099999999995,1.2684508930307659,1.9893928375980725,5.670071720618473,28.956818229755484,9.956295185535772,0.3965344959587303,0.06472970636726623,3.2513886639009693,4.470075863221413,1.6164273214762122,0.8082136607381061
B0007,82,97.9964766320877,3.9331368018539217,3.822306859492357,3.720583032530344,-0.35333553581638055,262.37500000000006,1.2689347301779914,1.989433501380429,5.668353900989928,29.40748844067948,9.922469226175883,0.47288739268765995,0.06464248823037701,3.2915468067425744,4.467017700898483,1.6158235101619207,0.8079117550809604
B0007,83,97.63340100953938,3.934305685792893,3.8235048206501254,3.7213329141491553,-0.35371835922259987,262.265,1.2701232890532534,1.9897806763585073,5.599980207313628,29.68424904075948,9.839663790110318,0.5246919575565163,0.0644254685080701,3.318839509152,4.409005216720212,1.61672418029789,0.808362090148945
B0007,84,97.74932949339608,3.933359803556771,3.8222536719656053,3.7198874020013495,-0.3547949358772532,262.34299999999996,1.268854659884836,1.9895693029137989,5.604362189417756,29.596731011671704,9.872119389299327,0.5085610469052282,0.06448826307679344,3.3105350867782866,4.416866932518828,1.6108655863730026,0.8054327931865013
B0007,85,97.93349252354392,3.9322270494610563,3.820363113094956,3.7173147376131217,-0.35699186969154567,252.98500000000004,1.2682053371074689,1.989265948257653,5.600614381342478,29.345474382309423,9.869497452569203,0.47148762972630903,0.06459006021231906,3.2908321742688718,4.416173168074183,1.6006603374309376,0.8003301687154688
B0007,86,98.98204609619877,3.9292935141228407,3.816957988034104,3.7136290669810856,-0.35777183401747104,253.0,1.2679968683155818,1.9896463974190326,5.647767531353331,29.05720082264021,9.941718551213185,0.42210013107849326,0.06530658531666982,3.2645340134089755,4.454086340809244,1.5959174487005665,0.7979587243502833
B0007,87,99.03889239047307,3.9297191757801913,3.817426553859992,3.714172228707085,-0.3578448539138493,253.14000000000001,1.268270182047764,1.9897894093315087,5.6853445302629915,29.29635011817215,10.006184673007441,0.45685157052947706,0.06535348543580705,3.2829741451316004,4.48275502392035,1.5962179519462243,0.7981089759731121
B0007,88,98.42943851543724,3.931198225503844,3.819153765716824,3.715792860333212,-0.3579932397702096,253.125,1.267893861477812,1.989376647157591,5.619893332673939,29.646480101065997,9.927904141630863,0.5180596920205086,0.06492437662598213,3.315464675760707,4.432463555051518,1.5958065114633972,0.7979032557316986
B0007,89,98.46044987479775,3.930964046591054,3.8187515474707667,3.715273278879173,-0.35862738240207553,252.76600000000002,1.2673517705818707,1.9894225941363675,5.62796926129856,29.70343225495005,9.932151720167878,0.5282374150950523,0.06494783180735082,3.3208745860130753,4.440731762038435,1.5906507821480704,0.7953253910740352
B0007,90,83.02972259726182,3.963130758742264,3.851782987740007,3.756067911213828,-0.337122818051465,299.828,1.2797468889566734,1.9898006951909526,5.700342237548188,29.58270887058355,9.764279654286637,0.4778796585618849,0.05479002430466452,3.2943305563126755,4.45427317443643,1.6888211161855506,0.8444105580927753
B0007,91,95.5856243227875,3.9395240788461527,3.829670217638792,3.727395465588832,-0.35096817316537143,271.84399999999994,1.2724784620403546,1.9900164395967244,5.6446859159693155,30.10556055627096,9.870854749231468,0.5868423071751,0.06308914750586458,3.3520968961352553,4.435977570039455,1.6259938279733204,0.8129969139866602
B0007,92,96.86134945853807,3.9369270060960564,3.826799074477493,3.7238165444029225,-0.353277014531001,271.672,1.2706271964614742,1.9900327985627477,5.5779572545303715,30.08573311934266,9.803313595205028,0.5916571583600642,0.06393221236814767,3.354817623966294,4.389924338204182,1.6157433862812898,0.8078716931406449
B0007,93,97.6759815188787,3.9344537809376074,3.8235755978833343,3.7204014524792033,-0.3557837001357859,262.34299999999996,1.2695606768983823,1.989505190131758,5.594147832259129,29.8477908071574,9.856591519388333,0.5545510698361664,0.06443572013169913,3.3347776996713057,4.406365078923198,1.6056626764846538,0.8028313382423269
B0007,94,98.29001840053468,3.932228458988441,3.820949575278995,3.7171080377337815,-0.3576158398593418,253.00000000000003,1.2685966825587947,1.9897812624434534,5.613624775871706,29.64435837920465,9.905878764635629,0.5203596097075759,0.06485878961521517,3.31661727014094,4.425066573994872,1.5949746921524348,0.7974873460762174
B0007,95,98.50611527704275,3.931471023363161,3.8194427069730827,3.71538800342561,-0.3590473170491581,252.89,1.2683228571536034,1.9898608869021415,5.620928879398672,29.545501261034463,9.913911851797812,0.501632396080257,0.06500658818689206,3.3067054425764906,4.4317807943738226,1.5904102438871943,0.7952051219435972
B0007,96,98.53785512497987,3.93109604922007,3.8189253524849724,3.714425333814893,-0.36018061202211354,253.14100000000002,1.2686058381246579,1.9898309815165915,5.630598302767577,29.584234746637648,9.925014867770116,0.5095217398002946,0.06502557951907309,3.310805016142619,4.4384143077026375,1.5853517062988178,0.7926758531494089
B0007,97,98.7954565388827,3.930091080615841,3.8176629987900252,3.712805008548664,-0.361208339549558,243.76500000000004,1.2681962378090252,1.9900466791747111,5.608464842058783,29.623852324605483,9.930310967157409,0.5166162825065874,0.06520970703043293,3.31454308594633,4.422395111144739,1.5799737147242376,0.7899868573621188
B0007,98,98.64505763927968,3.9300343092294185,3.8173547635579235,3.7122769102429976,-0.362329799562851,252.93800000000007,1.2678211866557563,1.9900085092194277,5.6230256553010385,29.653860854591503,9.956233136489267,0.5216337570406178,0.06510793892439481,3.3172508326117773,4.435188269832743,1.5752185465278068,0.7876092732639034
B0007,99,99.20886506112784,3.928637359570348,3.815736603192908,3.710442845097758,-0.36345454338964167,252.78099999999995,1.266598008553465,1.9896992054202498,5.605646868665691,29.617264998271928,9.9332288934816,0.5176663346925463,0.06545971106316895,3.3152773125059762,4.425750578170965,1.5697984846488682,0.7848992423244341
B0007,100,99.13837669823772,3.92816161099833,3.8154137627751115,3.709815520225212,-0.36390509068743576,243.43799999999993,1.266704401764888,1.989984115498773,5.6219314840099095,29.64871574466968,9.959231240571224,0.5239535560204773,0.06543193633805228,3.31849591150072,4.438234742199461,1.5702565375950357,0.7851282687975178
B0007,101,99.5072757972399,3.927667261243602,3.8144059854125167,3.708797230282858,-0.36479477961692475,243.54600000000002,1.2664819439471957,1.9899411734440071,5.6123060883946,29.64947610519209,9.962179342171549,0.524614646498388,0.06567257760351368,3.3188661310328276,4.431414214167903,1.5652498739094385,0.7826249369547192
B0007,102,99.51542553618829,3.927257032591055,3.813720343244652,3.707596245525005,-0.36583535579034915,243.40600000000003,1.266629816007655,1.9898313370101497,5.646745888514101,29.660797971346533,9.992195231836453,0.5236124040402452,0.06567070615189173,3.3181928324180356,4.458086977860921,1.5596339335611469,0.7798169667805734
B0007,103,101.97901034181565,3.923280729034285,3.812246958076251,3.7070169139547984,-0.360637474593843,252.938,1.2656308945322972,1.989682138832736,5.6174532072334245,29.70163299227876,9.92278521651368,0.5357842168582395,0.06728634613207293,3.32477309928829,4.4384608747318115,1.5649820533392105,0.7824910266696052
B0007,104,96.26309710445769,3.9352209376672787,3.8221997066228606,3.7164983068536417,-0.363854149980394,262.4069999999999,1.2694901096475768,1.9897794676999723,5.625070007970265,30.42027236387793,9.916456671073838,0.6489167712613936,0.06352116726977755,3.385292356330025,4.430967965187095,1.57497949984227,0.787489749921135
B0007,105,98.67026463535127,3.930058268540943,3.8173738170811444,3.711351405133072,-0.36475264856150985,253.06300000000059,1.2676622974595526,1.9896883095438762,5.613511890520105,30.250510249317035,9.96804010799641,0.6232192739953027,0.06510362022346654,3.371582211312975,4.428239209898262,1.5652811168780458,0.7826405584390229
B0007,106,98.60323239237701,3.9288319965775655,3.815516259042308,3.7091276636738937,-0.3666746342115805,252.73399999999998,1.26628809429787,1.9897108138333366,5.642330881528874,30.1013665584718,9.999050793003018,0.5970788854417705,0.06506086339562292,3.357641215888388,4.455803467580912,1.5597554974701258,0.7798777487350629
B0007,107,100.36746631379361,3.9252601375099654,3.8113960332397356,3.7046934084002174,-0.3679749252943863,234.235,1.2646782869993052,1.989815707935091,5.634430211824636,29.864344624791325,10.020373001004112,0.5611009353294212,0.06623193149769614,3.3385502096690045,4.455228076377761,1.549897685670499,0.7749488428352495
B0007,108,100.0780472873349,3.925456220995959,3.8111481661612867,3.7042406325038617,-0.36826701911289805,234.03199999999998,1.2645588075785583,1.9896975281199052,5.6988462549298085,29.85620800747123,10.099494355630021,0.552486221342591,0.06603310107567746,3.3338927313450237,4.506588559406145,1.543877153134502,0.771938576567251
B0007,109,99.27351438616807,3.9269086720960065,3.812895499530163,3.7084125056095423,-0.3697840009586257,243.672,1.248044859776187,1.9902837491897782,5.612766464087102,30.1048921943127,10.112052120644792,0.5888982816611483,0.06554086067584018,3.3577412895154786,4.497247370654324,1.5450187488690073,0.7725093744345036
B0007,110,99.65001520892453,3.926576961931344,3.812743329058075,3.705305955166444,-0.3699170002308371,243.56299999999464,1.265681563232075,1.9897448348633984,5.631643374831103,30.26317712552769,9.99509691436325,0.6290101890981914,0.06575380523703696,3.3747214679805473,4.449494674197515,1.5445940154102908,0.7722970077051454
B0007,111,100.29936303096727,3.9246051399827375,3.8099907696025386,3.7023134700190186,-0.3706991773698125,234.4380000000001,1.2647933564355875,1.9894061898406874,5.637743607419196,30.00716943811421,10.025964525470032,0.5874911054281378,0.06615974982636598,3.3524044552814702,4.457442457878938,1.5343086721758876,0.7671543360879438
B0007,112,100.79520427812585,3.922736193921859,3.807591136769465,3.700109867381165,-0.3719435903966923,234.25,1.2642606190436818,1.9899048623269509,5.661958805405494,29.826992449131417,10.078418037321816,0.5575111254567751,0.06652015391296452,3.3362987157579678,4.478474390579642,1.5287603942958483,0.7643801971479242
B0007,113,99.98629790459934,3.924406068409863,3.8093145868189646,3.701066826564257,-0.3728002119806307,234.031,1.2641262379124156,1.9900437679876626,5.661184855966429,30.079577345134396,10.065831404662239,0.5977055621777545,0.06599552596596212,3.358003414957866,4.478338227766981,1.5289260249179843,0.7644630124589922
B0007,114,100.25242152066252,3.9241635246387823,3.8093855940817187,3.701045692494294,-0.372939597034012,243.73400000000007,1.2648285157876797,1.9901281609287542,5.647477703797051,30.34850205306266,10.029500798948472,0.644357752548536,0.06617679215259714,3.382898066918097,4.465014532250682,1.529091650133123,0.7645458250665615
B0007,115,100.71152082453989,3.922833057691893,3.807923065504214,3.6993967723273062,-0.37358150066546736,234.32800000000003,1.2641491434957277,1.9891802713403754,5.635141136061922,30.21969273604323,10.034336427785739,0.6251697774699246,0.06641653132223008,3.3724937865904825,4.4576553051953764,1.5239059324661248,0.7619529662330624
B0007,116,101.06555525805157,3.921565658329046,3.8061088554866074,3.6971972326722806,-0.37469803219374903,224.87500000000009,1.2636235997216319,1.9901844576225258,5.647237052652759,30.00990037673665,10.063277736894305,0.5896251870751366,0.0667173175363424,3.353504631059573,4.469081658412212,1.5186675419100617,0.7593337709550309
B0007,117,101.67998733008179,3.919516322958308,3.8036037295081537,3.694529737542345,-0.37568095737862023,224.7650000000001,1.263637952224912,1.989677742969326,5.68665356981667,29.82332007722184,10.09986420230297,0.5560145626093292,0.06708875256065239,3.335178276253075,4.5002237862546535,1.5136482266426952,0.7568241133213476
B0007,118,101.18763643005754,3.9209096838709705,3.804867255675062,3.695786615351344,-0.376043750262385,224.8440000000001,1.26311840097085,1.9897184238371568,5.658889257715,30.04981660129381,10.09984756779641,0.5958676148392484,0.06676662813071693,3.3568098791444565,4.480094069855605,1.5136050185229033,0.7568025092614517
B0007,119,100.43679174900095,3.922622493914076,3.806739455261773,3.6973156045579048,-0.37649957751757995,234.141,1.2642516340372514,1.989624292691532,5.64596675232918,30.421688772698804,10.08148373558634,0.6588651141655554,0.06626492808873498,3.3904966856800045,4.4658567964823535,1.5139470614867965,0.7569735307433982
B0007,120,104.28777344470531,3.917454651649464,3.8062816495854577,3.699292377369064,-0.3665158999593341,243.406,1.2628841649216223,1.9896439012216325,5.32936052068343,30.296711238020123,9.535347150986217,0.6628061271454855,0.06880703676380225,3.3929221651508343,4.219991562737017,1.5339599193158786,0.7669799596579393
B0007,121,98.00509289607687,3.929324747322596,3.8151146845582264,3.70630641708158,-0.3717988337326923,243.42099999999996,1.266729087479254,1.990214232283745,5.483256157188855,30.467217996828165,9.778860493431912,0.6732560636205663,0.06469892272968761,3.3986023950259234,4.328673124653938,1.5391372798653098,0.7695686399326549
B0007,122,100.76957470698362,3.922832068245331,3.8081988755365237,3.6992320544052566,-0.37403035504443105,234.18800000000007,1.2641090540673412,1.9892006987688688,5.474120487815075,30.10065071361375,9.786468143096414,0.6165176190749728,0.06645618118357442,3.367915736610208,4.330417909911955,1.5236247972838737,0.7618123986419368
B0007,123,101.5150519818863,3.9202312685161163,3.8046082133593973,3.69526954094312,-0.3756634516524076,224.906,1.262903207067286,1.989401882302108,5.53280539960889,29.770529065746192,9.848369703325005,0.5584621432137442,0.06696135603869344,3.33682456999472,4.381020943368393,1.5135813035589147,0.7567906517794574
B0007,124,101.8283072645622,3.9188721823151664,3.8029481694109766,3.693526714235536,-0.37688373975905387,224.829,1.2616455617552444,1.989512973744896,5.550337048311139,29.66958688842964,9.903619908470699,0.5394304586415275,0.06717548722934918,3.326949699917264,4.399283932477296,1.5077850749847914,0.7538925374923957
B0007,125,102.11657890551872,3.9180170308076936,3.8015971834559736,3.6918732211829344,-0.3780497472497017,224.71900000000005,1.2618210360199473,1.989382061319131,5.5665424779151,29.65589695592585,9.904456557719385,0.5377513271819924,0.0673567930027007,3.3258140418612605,4.41151503978184,1.5031960676037333,0.7515980338018666
B0007,126,102.16315518862758,3.9172036069605136,3.800617962896705,3.6901682616938,-0.3789380519812404,225.04700000000003,1.261819588558469,1.9895347983291989,5.573108458765596,29.620236319150724,9.9211635500644,0.5313376035322795,0.06739786293655585,3.3223479402057143,4.416723681657565,1.497822059699588,0.748911029849794
B0007,127,102.43814317275374,3.9161209467478684,3.799065601206876,3.6884501895160255,-0.38004289662937707,215.438,1.261635947645226,1.9892966322858554,5.536288091676504,29.56167330649773,9.911567055582681,0.5278882501507197,0.06756309596008049,3.320245855021392,4.388181949008096,1.492848534633516,0.746424267316758
B0007,128,103.30925181206474,3.9144005837633125,3.7974103902147776,3.6867894362472784,-0.3810376966049958,215.46899999999997,1.2599143276769957,1.9892744465076753,5.56826238101705,29.44385368939589,9.94306258946573,0.5071332695202936,0.0681361160099715,3.30960625996382,4.419556360854867,1.492414389867026,0.746207194933513
B0007,129,103.15046372206854,3.9141148647671726,3.7966018544362936,3.685508169549724,-0.3824981308833615,215.43699999999998,1.2597836306676922,1.9892931087153956,5.581054083010368,29.39327646492334,9.969177853690722,0.49724040893535304,0.06803266609960139,3.304309789875147,4.430168758465594,1.4874827765380811,0.7437413882690406
B0007,130,103.43454834385294,3.913342611704764,3.7954940065678846,3.684618492160016,-0.38274023830192644,206.188,1.2598327322545018,1.989570194742734,5.577426399195243,29.390886378676228,9.958632942021008,0.49807055206626943,0.06823903938130493,3.304672357088231,4.427116597625068,1.4825351486404108,0.7412675743202054
B0007,131,103.83907259201523,3.912584030166559,3.794759811903946,3.6833200243924216,-0.3835600520596419,206.25000000000006,1.2597786608804922,1.9894325951738558,5.582626663704772,29.437360947213435,9.950524442827245,0.5041070407160249,0.06849644133575672,3.307870929547977,4.431434534541908,1.4827874322228984,0.7413937161114492
B0007,132,103.81446549705898,3.911983244288274,3.7937347985293393,3.682034923087557,-0.3845481700013045,215.42099999999996,1.2590206429686426,1.9893361327908923,5.568942787595972,29.336054386832384,9.961953615699585,0.49127838320117867,0.06847356881174528,3.3010718516171242,4.4232338990606,1.476971179775059,0.7384855898875295
B0007,133,106.53292712330709,3.909430753602828,3.794812764188952,3.684238457603701,-0.37885053821604825,215.594,1.2593144620062289,1.9887336365046586,5.339126165240142,29.814257747332373,9.571521712694043,0.5866193243959273,0.07022404601561938,3.3518830549129066,4.239708449575268,1.4819015554137276,0.7409507777068638
B0007,134,100.74077268874505,3.9203266985393426,3.803512288855036,3.692173630357528,-0.3817227448425062,224.85899999999998,1.2625277005793687,1.9895385638893655,5.451219990962841,30.05282427194441,9.753963958754081,0.6116036421913427,0.0664597572270058,3.365277055505213,4.31770327768753,1.4981366198874824,0.7490683099437412
B0007,135,102.17692685614404,3.9163361023007432,3.7987784145348513,3.687029795698163,-0.38447042021261185,215.43699999999995,1.2599398453727881,1.989390684861963,5.470565704286841,29.83044260470767,9.778126380361206,0.574825002856797,0.06739718322392099,3.3458676916806205,4.341926104153189,1.4820775214392872,0.7410387607196436
B0007,136,103.68548523240223,3.9127094170411585,3.794901118607358,3.6828302816771346,-0.38515358824864954,206.04700000000003,1.2596180201973195,1.9895757989609322,5.496778073186093,29.59632907391491,9.789012016046332,0.5362506023678205,0.06840497573903376,3.3249155425397108,4.363845217397748,1.4771155312812152,0.7385577656406076
B0007,137,104.54792002204321,3.910086143332936,3.7918130727099713,3.679846322097135,-0.38617995173942526,206.03100000000003,1.257906241089873,1.9892072385729664,5.5272868231467065,29.31987926356613,9.852999030601017,0.490990134927592,0.06894840253044682,3.300934920609493,4.394037204519921,1.4720772783056488,0.7360386391528244
B0007,138,104.35842081043731,3.9113676201356755,3.79309094034339,3.68069432306108,-0.38652789987325303,206.125,1.259240089636042,1.9894478135699893,5.48063787916848,29.646419905609463,9.81733509069355,0.5477130196880284,0.06884007756034745,3.33095296039407,4.352337512342501,1.4722480136564542,0.7361240068282271
B0007,139,103.79306496117213,3.91232634758962,3.794243245433417,3.6812983857534034,-0.3875305564120843,215.46900000000005,1.259282864356193,1.989405856181206,5.45493999939772,29.88402252891353,9.774972671168655,0.5885079375888908,0.06846425242010695,3.3528540811141903,4.3317829169275255,1.4670106672274663,0.7335053336137332
B0007,140,104.14651645026774,3.910532722581417,3.7919479942330345,3.678840302708631,-0.38887538018018436,206.0620000000001,1.2585518600293133,1.989487082563275,5.468723285830379,29.66317475111863,9.792408113779153,0.5518682156082179,0.06870300688470958,3.333276883130784,4.345250648394422,1.4617672495335383,0.7308836247667692
B0007,141,104.83487918482976,3.9079878208791063,3.7888486001880017,3.6752935179376136,-0.38998895032591613,196.71799999999996,1.258012625633903,1.9897449736859856,5.4833732399545205,29.33669646236847,9.820277085700457,0.49859618510249676,0.0691750339966535,3.304871828690977,4.358758511816597,1.4566952670489708,0.7283476335244854
B0007,142,105.62386252466091,3.9063134671979087,3.786652774322248,3.673023633202892,-0.39052561733731744,196.68799999999996,1.2563073259485298,1.9893952444169627,5.521074545482275,29.16646628778405,9.902671239532397,0.4678697762834203,0.06967114461063481,3.2887607219385133,4.394684669464763,1.451354972758956,0.725677486379478
B0007,143,105.19930761789742,3.907441936990912,3.7880410202608843,3.674604714372971,-0.39088722768772444,196.56300000000002,1.2571599284633976,1.9901229533775666,5.528688709926726,29.446011516271486,9.897354356301747,0.5135174934934914,0.06944187657275716,3.312962330332399,4.397760845499057,1.451615926257375,0.7258079631286875
B0007,144,105.31804166203197,3.9073132425568327,3.787954651757031,3.6737841539488927,-0.39185799052980635,196.78099999999998,1.2575301940170533,1.9896250517252176,5.500026122441,29.55184265463291,9.850847881247505,0.5326851117139568,0.0694854710160565,3.3230644305697172,4.373673211671937,1.4468161332173683,0.7234080666086842
B0007,145,105.61746849157646,3.906070962685642,3.78580954701402,3.6714215227384144,-0.3931715366333791,187.35900000000004,1.2566241155667208,1.9895532198861494,5.5014846253980565,29.286555706121856,9.863892077379498,0.48987334496450957,0.0696779917788931,3.3003457457726726,4.377987464387439,1.4467570607768785,0.7233785303884392
B0007,146,106.47004149377727,3.90291422579796,3.7820139174605916,3.667907123483813,-0.3938459865214318,187.422,1.255410594241213,1.9896077346286851,5.519037713653486,29.01036343586963,9.901498305805344,0.44314691616097523,0.07024430082517397,3.2756702120374444,4.396201321679356,1.4413797481446793,0.7206898740723396
B0007,147,106.69227115971363,3.901947110679365,3.7810239192006394,3.666708072555812,-0.3943321453061393,187.39100000000008,1.2553512417878094,1.9898531087521363,5.566675664880428,28.91102232775612,9.98638717932927,0.42402674787910727,0.07040828168691832,3.265562970184889,4.434357078384407,1.4362456252208178,0.7181228126104089
B0007,148,106.51716303138376,3.903044009030187,3.7825279247089085,3.667976138480906,-0.3949284675717895,187.24999999999997,1.2553869125610175,1.9900135647563066,5.540996729759492,29.235197976054764,9.92482163067882,0.4814353667892274,0.07030406132667184,3.2958323147827167,4.413776083148528,1.4368154153924828,0.7184077076962414
B0007,149,106.06351893823464,3.9036634822326572,3.7827393805739966,3.667772761163112,-0.3961417649703378,187.39100000000002,1.2561411820149133,1.9897610143981277,5.525942600020382,29.26446937782121,9.905715513786825,0.4860777005182632,0.06998687729041082,3.298187603805525,4.399141337884085,1.4362945145860049,0.7181472572930024
B0007,150,111.60426108676785,3.8930628706178094,3.775853037182625,3.663344739931989,-0.3870757363247259,177.984,1.2530355782044453,1.9895353960235767,5.52249146040165,28.895013684778984,9.865526921646639,0.4275641355297187,0.07362628138699619,3.267373769982651,4.407290228993482,1.4418575315878015,0.7209287657939007
B0007,151,103.13135119026067,3.912529933898095,3.7937688087714667,3.6801513004894666,-0.3895481127923329,215.50000000000003,1.259346349925306,1.9897578807631613,5.45354266175913,29.45645344484632,9.792463379393954,0.5167904768805764,0.06805184815996543,3.314622453695418,4.330454971408453,1.4672063484781797,0.7336031742390898
B0007,152,105.52896336491784,3.9070516196340264,3.788341041873221,3.674143634116473,-0.3918144180394188,196.765,1.2567259266560944,1.989389084453108,5.470913642583877,29.40539875964292,9.803096450021737,0.512081928924597,0.06960811657581975,3.312177348322366,4.353306895753256,1.4518640367848883,0.7259320183924441
B0007,153,105.73503338706979,3.9053810065137604,3.7857558097966466,3.671087598982411,-0.3937327783042593,187.37499999999997,1.2567832423121137,1.9897481677725475,5.474013083879463,29.24619604404335,9.81697186927458,0.4865050129163682,0.06976922250261065,3.298486585729215,4.355574533130215,1.44713797527485,0.723568987637425
B0007,154,105.73716024942914,3.9043686183167705,3.7841604875676027,3.66893924666085,-0.3956658446616482,196.625,1.255899517070075,1.9896730082377623,5.5124837772005755,29.164668549032587,9.880203440645577,0.46902057956357585,0.06976535506528582,3.2892733168496555,4.389271356725107,1.4417905865623992,0.7208952932811996
B0007,155,106.53729536650921,3.902662470666745,3.7819708994452452,3.666632884474392,-0.39667528766512267,187.11,1.2548471986595067,1.989776187326516,5.496164938756703,29.05783548433504,9.873688713371296,0.4556530036903641,0.07030057466965375,3.282167145148155,4.3799475702125275,1.431630947911111,0.7158154739555554
B0007,156,107.05915850039132,3.9014270700393565,3.7807053098639942,3.667960133228692,-0.39826548042102716,187.438,1.2370113307362038,1.989721086798616,5.4935240866066515,29.01471015570168,9.971878706471944,0.4379647268948806,0.07064102304325341,3.27639683472085,4.44096505028551,1.4318084249673686,0.7159042124836843
B0007,157,106.69146156501596,3.901477466063083,3.780260352946562,3.6644084100108816,-0.39849066795874116,187.14000000000004,1.2540069091382358,1.9897236660251236,5.496218555061464,29.062092043134903,9.857193378154292,0.4544456083270261,0.07039858747291734,3.281726979997304,4.382925257436191,1.4262562585106868,0.7131281292553434
B0007,158,107.41625997252014,3.8999738022993555,3.7786219979844002,3.6625730596655743,-0.39930864881714323,177.85899999999998,1.25392368713891,1.989716910317613,5.535543925415801,29.01244569859714,9.8910382585746,0.44482370691352335,0.07087635235908571,3.2765048640165753,4.414578001988548,1.4260877528924911,0.7130438764462456
B0007,159,107.6993654428811,3.898945581621842,3.7777031313151452,3.661215601123205,-0.39993919544741063,178.079,1.2538149802860732,1.989544923596443,5.510038293227595,28.971066222498145,9.890932334483898,0.4415783852798783,0.0710508689772561,3.2747830412041403,4.394618328750876,1.4212633510031694,0.7106316755015847
B0007,160,107.45390773449827,3.8995377097456614,3.777721269877994,3.6608599400420014,-0.401074743296049,178.281,1.2549475555991185,1.9899570956226103,5.522501874312287,29.04637693255205,9.887712669657489,0.4528167477005733,0.07091831190833475,3.2805969021818178,4.400583793062026,1.4163272748795108,0.7081636374397554
B0007,161,107.85919709461784,3.8982908453730203,3.7765160621735054,3.6599438610013975,-0.4019384588788295,177.875,1.2526979980647623,1.9895795002533179,5.525065566083697,29.08722224101296,9.880246764683164,0.45946802010845694,0.07115878558685698,3.2843235249890625,4.410532765773655,1.4165781829175994,0.7082890914587997
B0007,162,107.84243732245372,3.8981207954598247,3.7759594679688346,3.6589543938658737,-0.40255655120924555,177.96800000000002,1.253399763403277,1.989844962729661,5.500850464756812,29.120501104423923,9.870435010469897,0.46719546453188765,0.07116671577271919,3.2882802921587486,4.3887438193068595,1.4108401729425175,0.7054200864712588
B0007,163,108.25030942397504,3.8971467270414224,3.774715990212036,3.6575408033217336,-0.40344475087323284,168.625,1.2529214180970878,1.9895247059149843,5.516184610440025,29.048667011613368,9.877891393650035,0.4548402322106975,0.07141288348194434,3.2817254945449106,4.402658084349692,1.4109949628347804,0.7054974814173902
B0007,164,108.04033124655194,3.8970025604529632,3.7744791233763433,3.6569908552762778,-0.40423027542424395,168.719,1.2522722382365268,1.9895407590462741,5.522857189437001,29.04080620621239,9.901235703083223,0.4536024959138399,0.07127551078454415,3.281119693117768,4.410268806417359,1.4061714290398797,0.7030857145199398
B0007,165,108.2581680878299,3.8964077715215426,3.7738649131538016,3.656043634366516,-0.4051427271716971,178.10899999999998,1.2528933051058604,1.9897514616948102,5.522749362579983,29.10625341972666,9.892018470557856,0.4646796753846929,0.07143434850856936,3.286950414138889,4.407996546931305,1.4063358479692922,0.7031679239846461
B0007,166,108.60899312920738,3.8956954273511832,3.772784059794637,3.6551050186920753,-0.40547336475799367,177.969,1.2518350850109288,1.9894845982114049,5.516642626596671,29.134640351801657,9.894407477374585,0.4696312459926832,0.07164661883497998,3.2896377238319108,4.406844553768446,1.4004552399066514,0.7002276199533257
B0007,167,111.31357887303349,3.8951642577632986,3.777972880048816,3.6621819102505953,-0.3968847482139001,187.375,1.253636022800342,1.9895373102613776,5.109473794389693,29.597380064500705,9.238294402383648,0.5857243484228128,0.07343465716591155,3.3512302937172005,4.075723496662351,1.4217865046055154,0.7108932523027577
B0007,168,101.83236821894553,3.913502756929913,3.7935812377955163,3.67631366519464,-0.4002691453820388,206.10900000000004,1.259386988184922,1.9904167318824304,5.303409879896414,30.060572705193664,9.52614427019156,0.6358042677549007,0.06723921291845374,3.3783007298299106,4.21110423535493,1.4324552720625434,0.7162276360312717
B0018,1,110.96926581336474,3.912087588006641,3.8094046920817273,3.7353126875739537,-0.29025754323827613,253.67200000000008,1.2624199330429902,2.0092148384382598,4.983398611861528,28.828343101141662,8.604874222448318,0.42125628163261947,0.07466279023975256,3.2674051895904017,3.9474967730027313,1.8550045207910817,0.9275022603955408
B0018,2,107.96027142922601,3.919500026755198,3.8182262432489917,3.7408005112582816,-0.2941188410633431,274.6089999999999,1.2739860538451089,2.0085698038563895,4.7930787049957,29.14161408952245,8.221956711814153,0.4891957132726407,0.07259163464783662,3.301623562212034,3.762269367493753,1.8431955317089987,0.9215977658544994
B0018,3,106.67411774145016,3.9228650617423413,3.821093002894681,3.742327278909341,-0.2957100350951182,275.875,1.281575594220107,2.008279579217869,4.799981048932878,28.577600978134328,8.193308345491022,0.3982014661314845,0.07170610847711306,3.2523615365117298,3.7453748889887915,1.8396018424355425,0.9198009212177712
B0018,4,106.65927705033067,3.922475906409529,3.8206709801632557,3.7429397206606234,-0.29666775172467935,287.688,1.270663509647963,2.008180183485934,4.75672079033561,28.02113434787093,8.225591133454325,0.3067989192134817,0.07168903586278401,3.2060900628510174,3.743493658406432,1.8306736044962053,0.9153368022481027
B0018,5,103.73776472568181,3.929892763420211,3.8295981925993727,3.7497070432439386,-0.29748351029681774,299.3750000000001,1.2830499673370361,2.0093883005500817,4.713091864647669,29.159726171980644,8.05982074696456,0.49694053876527217,0.06980931460388089,3.3047175512388933,3.673350208199349,1.8327002069419656,0.9163501034709828
B0018,6,102.36407202632842,3.9335199458554535,3.834027795865466,3.755253889647215,-0.29841893014396575,301.421,1.2717763889978275,2.0084659318901816,4.582337773656121,29.294300240921174,7.908472499581365,0.5267035124480611,0.06882167563174559,3.3232597119293468,3.60310020951643,1.8285288846046388,0.9142644423023194
B0018,7,102.65110284802836,3.9326068561085066,3.832837123934328,3.7533569768771593,-0.2989093732565752,302.51599999999996,1.2767255538875721,2.0089597405887063,4.615311837993776,28.952501304065024,7.926029895375717,0.4685046702667348,0.06904859348672691,3.2909740562441727,3.6149600232723142,1.8212011895697924,0.9106005947848962
B0018,8,102.82574079111467,3.9319835262973375,3.831558667395736,3.75071569225173,-0.2992136539645873,303.875,1.2828894389499148,2.008590110288324,4.639698183980894,28.58616425822748,7.934696192270278,0.410248960371358,0.06914061474847176,3.2589809623914032,3.61660018635638,1.815170010643328,0.907585005321664
B0018,9,103.94914177816496,3.9298400927074018,3.829640023396071,3.750894943810928,-0.29804740223631937,296.29699999999997,1.269329275182517,2.008709119060175,4.6667045073308095,28.3446760757972,8.044285939061112,0.3627029234944435,0.06990427888890383,3.2361545696085736,3.6765121537591448,1.8042980520967649,0.9021490260483824
B0018,10,102.31267387595794,3.93201676014272,3.8311406268152526,3.7511184373711735,-0.29928314032552855,297.90599999999995,1.2770208657806743,2.0089574990061476,4.664910061764449,28.293968872119,8.032676780690787,0.3539338987570797,0.06882079457374027,3.2303463697439496,3.652963069567915,1.8231002302844224,0.9115501151422112
B0018,11,101.79105160309324,3.9341785151101383,3.8343620160557053,3.75300135787538,-0.29893372423947756,299.5470000000001,1.2851790509760206,2.0085885367908207,4.611248203509589,28.771693161640183,7.888853843962802,0.4423932421009359,0.06844477659812448,3.2755934113269642,3.588020050597314,1.8121253520255487,0.9060626760127743
B0018,12,101.77925499116947,3.93378779445299,3.8333936171243668,3.753416656567967,-0.30390345090337567,301.047,1.2699808307327223,2.0085864785625316,4.560873762019632,28.590475039815523,7.8881687478471605,0.4113049421691643,0.0684367042451137,3.261869479961204,3.591293389356288,1.8046916382117768,0.9023458191058884
B0018,13,103.0892465022,3.9314119638724203,3.8304589585363606,3.749325552780991,-0.3042753176649253,292.359,1.27518276452921,2.0083042002897424,4.606667441539923,28.18724120595417,7.9344909952473275,0.3436588370008108,0.06929806500323,3.225211787383245,3.612554662500224,1.790844349786295,0.8954221748931475
B0018,14,104.33302154770652,3.928167316477129,3.8269426254233427,3.7453019133422982,-0.30329657590920994,293.922,1.280266532796548,2.008249372253371,4.66526868778141,27.79247907678841,8.030414733106214,0.2764930261689336,0.07013031900145796,3.1893301700627292,3.6439823804429525,1.783470722841926,0.891735361420963
B0018,15,101.19086329523327,3.933900104477092,3.8318696956386327,3.75136323840806,-0.3065809169373647,295.438,1.2669587405567366,2.0093422055824006,4.642075444344048,27.97392729346631,8.04769817742412,0.30061766638321663,0.06809227803134166,3.203825826240713,3.663951552442972,1.7809386125310702,0.8904693062655351
B0018,16,101.5825297010018,3.933770277031966,3.833205298386878,3.7511917651028175,-0.30573259707368555,297.65599999999995,1.2772007664050982,2.0090831117129397,4.630353630175016,28.656633471000344,7.9635332615411984,0.4184972967160248,0.06833820692009897,3.2643200918441084,3.6253921481803872,1.7712090396726985,0.8856045198363492
B0018,17,101.2608128667342,3.9349997952307643,3.834141567795927,3.751319445490541,-0.30702985581278347,298.15599999999995,1.2793366702607427,2.008529709650332,4.568157574456784,28.816520354331413,7.84942705269087,0.4514737947181233,0.06808425335401365,3.281454647626949,3.5707235481069604,1.7686303996707076,0.8843151998353538
B0018,18,102.4608075764896,3.9318815303356773,3.8300048172394168,3.746285843329289,-0.3079266862066079,288.969,1.2825040256637987,2.00798147486811,4.5898243669917775,28.405235187155856,7.878505470628959,0.38428256789071485,0.06885348515095974,3.2453324428403696,3.578799189044397,1.7536304801917124,0.8768152400958562
B0018,19,104.46888925006488,3.9268264598418616,3.82454712974303,3.742538986736184,-0.308040269603699,280.203,1.2667502027384872,2.007914147646159,4.654326037721972,27.795149492901203,8.060532220448572,0.27480320419474263,0.07019820485543216,3.18988004130506,3.67422561106377,1.7462197416415093,0.8731098708207546
B0018,20,103.26250989010747,3.928482729978556,3.8247224519801635,3.741375688345779,-0.3105299525110643,281.7970000000001,1.2732253777621831,2.0081898146004793,4.668520850041894,27.465893321513143,8.058911835420375,0.22016979484866972,0.06940662815633358,3.160947148159186,3.6666884996019093,1.7376647337053737,0.8688323668526868
B0018,21,103.76325815822952,3.9270867532663143,3.822801437598306,3.738535725750102,-0.3114733019321007,282.359,1.2753589208743066,2.0082974780229885,4.6935125116905105,27.300498700525473,8.088523849604444,0.19162552782678252,0.06975067832617483,3.146056179711156,3.6801502971986357,1.7315166735475835,0.8657583367737918
B0018,22,105.85705878241725,3.9228505012241217,3.818654342005141,3.7332593974625774,-0.31265779704650687,262.79700000000014,1.2792291396447004,2.0083272940700665,4.67660777350277,27.411414338232326,8.067113661807538,0.21593137517976654,0.0711602645157807,3.157950674755144,3.655801473379253,1.7085949894470602,0.8542974947235301
B0018,23,104.80171494264623,3.9241426611371097,3.8197168628930886,3.736223555256964,-0.3139258361748335,263.61,1.2630845862230127,2.0084886652274894,4.674871534477198,27.35966337071724,8.16643687892402,0.20180756143074827,0.07046215303454209,3.1521307340610467,3.701154764667355,1.7114699570682108,0.8557349785341054
B0018,24,105.21766067028,3.9233320114841956,3.8185727485203644,3.7338853842958186,-0.31261848163441464,275.875,1.2705009236357931,2.008083856409798,4.7368141773624615,27.26033518375437,8.20056971972601,0.18515426351863087,0.07071329606077008,3.1430054091108452,3.7283043949366976,1.7075021373272627,0.8537510686636314
B0018,25,103.5724078560651,3.927524907875114,3.824188858131723,3.740161312129664,-0.30974173728903026,287.43699999999995,1.2758918730518494,2.0087378356975396,4.730059869461282,27.36028958496675,8.150964342178254,0.19825798762658134,0.06965292231410589,3.1493790422444086,3.707257620622107,1.7492382064360228,0.8746191032180114
B0018,26,102.53422382802849,3.930632082826525,3.8277946596098285,3.742148657646137,-0.31117948163418635,288.9220000000001,1.2836740571113188,2.009725251025944,4.682495772462893,28.129264917382088,8.04988613792479,0.3295395951251271,0.06902254621882552,3.216606619768798,3.6477295357982236,1.7327697147429957,0.8663848573714978
B0018,27,102.22200058740454,3.931400400029139,3.8284797307698,3.7443982415961776,-0.3134144342822082,289.98400000000004,1.2659806303418915,2.0091278445582503,4.592402332460814,28.577940351923505,8.007089448823548,0.4051514942850839,0.0687714642271773,3.2590745698185617,3.627545495084382,1.7222313328292376,0.8611156664146188
B0018,28,102.26450574017491,3.9309154552474697,3.827433196855187,3.7420390470263687,-0.3148702674552643,280.75,1.2719828473876837,2.0088498544038265,4.582515753249698,28.57270503172611,7.967258028841913,0.40885367995761934,0.06878102270913851,3.2599025311944394,3.6026553051882524,1.711846298984729,0.8559231494923645
B0018,29,104.00265781251561,3.927028786097937,3.823207767511249,3.7373897629051065,-0.3144595853132099,281.70300000000003,1.2736213792260724,2.008202318146286,4.668806138958416,28.313800672183017,8.070660607605408,0.3631046190910375,0.06990497998216905,3.235233623333282,3.66577243057545,1.6992678351266868,0.8496339175633434
B0018,30,103.14113740022742,3.927991096846405,3.8229816790921083,3.7356280309681775,-0.31737885174354874,271.969,1.2780114784593941,2.008824279676164,4.663824078925195,28.17859030885695,8.041347066945228,0.3404476503855279,0.06936886099267486,3.2227229447227916,3.6492818394301905,1.6940366439243106,0.8470183219621553
B0018,31,103.36796960323929,3.926613862892013,3.8212478462617723,3.7329171228226063,-0.3187203775144404,272.593,1.281828122697396,2.0089602893536873,4.669723871461986,28.18017949179563,8.060707329506162,0.3436509927293926,0.06953083419418875,3.223838117460582,3.6430187392326223,1.6819027078768087,0.8409513539384044
B0018,32,103.11373314503874,3.927390050341391,3.821806902250592,3.7353118564665513,-0.3203753646045351,273.90599999999995,1.265332266938529,2.0087829005971773,4.655120057013185,28.443373739375076,8.11796429412338,0.38015054089804384,0.06934757289657345,3.24545927574655,3.6789704796482012,1.6769770618433686,0.8384885309216843
B0018,33,103.80612141837615,3.925811910588582,3.820309919030088,3.732646432189145,-0.3213564682802316,263.625,1.2688982800882092,2.0083553818805546,4.637575096480148,28.655077680067233,8.058992737577356,0.42235870737768627,0.06978351529543263,3.2670755144930346,3.6548044624646834,1.6655229306478936,0.8327614653239468
B0018,34,105.65319971595561,3.9221424377091396,3.816113354033684,3.728277665148158,-0.3210555762385813,264.609,1.2710499807053433,2.008139619937277,4.669709117849237,28.39136687481825,8.142264423733693,0.37863139496808357,0.07100995105204151,3.2433814498976226,3.6738988936201213,1.6571924575832084,0.8285962287916042
B0018,35,103.62143432490615,3.9248248026771604,3.817418396400166,3.7276422198818935,-0.3235418336587949,265.953,1.2789283397829845,2.0088384581868297,4.678898165000863,28.183838699662704,8.122217044467662,0.3466025206507231,0.06969287448209097,3.2254146708939166,3.658452173946512,1.6482241555294048,0.8241120777647024
B0018,36,104.32132703868024,3.922198634931447,3.8143849493187543,3.724239405089381,-0.327731710080382,253.34400000000002,1.2762605893080607,2.0083833614008757,4.724153149251503,28.045508628540553,8.166497357618493,0.3191280721838153,0.07013181558019896,3.2113822030949244,3.701558434718067,1.6387701497987262,0.8193850748993631
B0018,37,105.3221885892454,3.919712766360909,3.8111869707089543,3.7225956600193264,-0.3305062847381197,256.875,1.2621040084971582,2.0092211957890296,4.696671618999169,27.96741176549061,8.22825582011308,0.3044716198815869,0.0708637493396503,3.2054744965732627,3.7213031472673146,1.6276486907262062,0.8138243453631031
B0018,38,104.7503243730881,3.9211784883722025,3.8124355589026346,3.722876845034071,-0.33150472097769124,246.53199999999998,1.2660916215786382,2.0087639393458625,4.714333994322075,28.23113933739048,8.24006720049241,0.34723515063522975,0.07044690749485318,3.2274939238339146,3.7235330476667743,1.62215370227252,0.81107685113626
B0018,39,106.47930685790355,3.9176891241273233,3.8095796195422484,3.719252980632866,-0.330664400257271,247.07800000000003,1.2695307698893092,2.008516436551567,4.710272899794983,28.381128758756212,8.229704804878198,0.3769933648073812,0.0715920412310894,3.242379080542339,3.7102471334394465,1.6140066510467586,0.8070033255233793
B0018,40,103.99094046410768,3.924522849003011,3.8187946195720794,3.7299971256752777,-0.322895283085807,270.813,1.2773649867013783,2.0088452453876324,4.746806681393849,27.7871332188982,8.231328525674591,0.27038319786481224,0.06994186658061181,3.1863109000262826,3.7160926836203902,1.6760516154424625,0.8380258077212313
B0018,41,105.18556761575428,3.921789845918237,3.8152817581937346,3.72460669378176,-0.32658784651895434,260.125,1.2790778002594911,2.008245960366876,4.681155937222147,28.091230405553823,8.11734626321533,0.3315521469461618,0.07070314112221726,3.2175073837169115,3.659789839423735,1.649300642552199,0.8246503212760995
B0018,42,104.44158905651078,3.9218800356038055,3.8134896883428735,3.724400331339643,-0.33092568306948417,249.984,1.2608329749880394,2.008286646396411,4.667232067907712,27.8461265576448,8.21352586933839,0.28545046298209814,0.07020590169075853,3.1956709152639,3.701705269845109,1.63238299185809,0.816191495929045
B0018,43,105.76532959858459,3.918357354725675,3.8090197825113643,3.7191353713933433,-0.3327808750237835,239.03100000000003,1.2612467257471989,2.0080179951461976,4.710212203866089,27.60961070517282,8.297732945907384,0.24553145352220596,0.07107670357655217,3.174591529458214,3.7345684295637107,1.6164159719025777,0.8082079859512888
B0018,44,106.56951550313687,3.9155280151368985,3.805731411289536,3.7145146866484575,-0.3327820642923908,228.7340000000001,1.2671227749026386,2.0080670801011675,4.77551627241499,27.37773639638465,8.370080506660216,0.205695166552345,0.07162063609863377,3.153383896417617,3.7687873401075316,1.6109028378249377,0.8054514189124689
B0018,45,106.54626382019555,3.9149465577629368,3.8045394009403544,3.712266257785045,-0.3357031091427351,229.344,1.2690384683641434,2.008320055038575,4.771609115090637,27.338010026219703,8.364575656564563,0.20133132802496045,0.07162305231383481,3.1508356281837266,3.7600192855000603,1.5954638693695655,0.7977319346847828
B0018,46,104.91211550401086,3.9246445405777752,3.824632930150327,3.734241409482485,-0.31414795378200605,285.078,1.2656722898630772,2.0090615665855345,5.012586547962609,28.17720443726925,8.812412380996097,0.3111280166071228,0.07057662483993192,3.2091871378181698,3.960414230531096,1.7267074400857645,0.8633537200428822
B0018,47,102.03249266119175,3.931600415961874,3.8297144788171766,3.735507939026789,-0.3236834365660117,286.344,1.2728340651498744,2.0076909811268138,4.909257091345129,28.33803723215893,8.55954491091395,0.347986020001265,0.06854582098161888,3.22754429936676,3.856949798689644,1.7165673917429751,0.8582836958714876
B0018,48,102.24040645679345,3.9304553534072006,3.8271995423020173,3.731029393736689,-0.32939639086568145,286.5780000000001,1.2736364931335586,2.0081149795436937,4.920250331415389,28.219605734756176,8.641581688479254,0.3299880732168613,0.0687145123135772,3.217927755025454,3.86315118791075,1.6958235570934848,0.8479117785467424
B0018,49,102.77411635698162,3.9281776535383948,3.823994515167916,3.726222538490285,-0.3333550537928356,276.79699999999997,1.2775904936492481,2.0080894944203664,4.907749191737299,28.13269591604639,8.541940432177993,0.32258162572204724,0.06907145892019803,3.213380676097604,3.8414102297513497,1.6777783190792557,0.8388891595396278
B0018,50,104.01904321418168,3.925067790606734,3.82033213084648,3.724253682670624,-0.33860729705132475,278.09400000000005,1.2588721893517911,2.008131227368196,4.897709321887756,28.03637985727916,8.66941301498009,0.2982397352754973,0.0699110433721794,3.20290847442171,3.8905532772232005,1.6606586897774192,0.8303293448887096
B0018,51,102.52442590932661,3.9292410949322787,3.8250740784085013,3.7286074109690888,-0.3371164287164959,278.6250000000001,1.2639703858111073,2.008778978506568,4.8830989191208545,28.68334040946357,8.638388875038068,0.40352329452413216,0.06895097402802808,3.2581555043709844,3.8633016832805795,1.6664109274827466,0.8332054637413733
B0018,52,102.68262288128632,3.9277266786425886,3.8225585172523413,3.7247159414323936,-0.34067838467072864,268.75,1.2681390337611818,2.0080729357174003,4.896482067700575,28.663388019770345,8.668640765918946,0.40552678383024815,0.06900883074036551,3.258233528830869,3.861155549465319,1.6468336174407805,0.8234168087203902
B0018,53,104.99887814686039,3.923214837909265,3.8175665251195285,3.7184850964716296,-0.34611206824542157,257.938,1.2680804263263767,2.0081601304478562,4.839966120178708,28.416592357228907,8.607973767070114,0.37679745238077716,0.07057162039908416,3.24276837090478,3.816765892523133,1.6257639928779952,0.8128819964389976
B0018,54,104.52197959689548,3.9220114051978356,3.814958357682847,3.7140477505187137,-0.34907464955577916,247.76500000000001,1.2718564547123048,2.007529590011526,4.850090461981395,28.183065873994067,8.634266318893811,0.33985290916465366,0.07020697914113,3.222501953718399,3.813394541507823,1.6121577411874597,0.8060788705937298
B0018,55,104.58315990803197,3.921328096268947,3.81362188129817,3.7117628871702,-0.34865195532979026,248.34400000000005,1.276755721464653,2.0084817878520247,4.918145292816014,28.10593864371925,8.693977678536315,0.3204237341052409,0.07031472868690485,3.211768243740828,3.8520644240184616,1.6057366823755344,0.8028683411877672
B0018,56,103.84762272035205,3.923612309027918,3.819852372168784,3.725550536263009,-0.3284366764157267,270.4219999999999,1.2568512464430948,2.0085043880405657,5.003687285543105,28.110088017676816,8.789195760610289,0.296611346170874,0.06982177392394247,3.2023641310006314,3.981129270232738,1.673645314879889,0.8368226574399446
B0018,57,102.55807464995951,3.927083319753551,3.8212943813486024,3.722487108138429,-0.3430199314398644,273.3290000000001,1.2653333713189159,2.0083685202490296,4.942037250342004,28.525226898735013,8.73068751281602,0.3777631413058297,0.06894541970966866,3.243946698497941,3.905719522113519,1.6404348572349936,0.8202174286174968
B0018,58,103.67489033395788,3.924110635220109,3.8171857967411635,3.71588950110735,-0.34829461762601094,263.172,1.2691023083152284,2.0080894529402507,4.903441421018709,28.46091056893607,8.719271285963,0.3765798696080054,0.06967683972142512,3.2423896337977443,3.8637085354672274,1.6132653317422077,0.8066326658711038
B0018,59,105.74876574834252,3.918689875502355,3.8113918430718945,3.708652906473201,-0.3522821069227209,252.48400000000004,1.2705234090994182,2.0080749453723077,4.908509605640077,28.31012393142315,8.740195997136288,0.358265481879155,0.0710696033901443,3.2322510448816835,3.8633759681133015,1.5920964324686278,0.7960482162343139
B0018,60,106.48870672145138,3.9164714542200048,3.808365509573689,3.704555012914657,-0.3533671428057505,242.56300000000007,1.275700499065532,2.008678085834534,4.951836535863428,28.137545743306752,8.767603614474336,0.33124111692456015,0.07160988650194527,3.2173877402080797,3.88166073423246,1.5866011820698824,0.7933005910349412
B0018,61,105.19262342263542,3.918450428050333,3.8094176060103027,3.7074887269145567,-0.35625249877963755,242.9839999999999,1.2565794651983628,2.0077896026718043,4.958695765625709,28.10098675427206,8.886152503648953,0.3116828857565399,0.070675751920154,3.2096163080573565,3.946185579948923,1.580076649033625,0.7900383245168126
B0018,62,105.16649744521548,3.9178171377402595,3.8075550479302778,3.704832749420053,-0.3591594831254006,231.82800000000003,1.2577221184458292,2.008220351324245,4.9304434243986215,28.230826719938623,8.82763680258613,0.3371618799551396,0.0706885197577364,3.2229161013637104,3.9201373277041394,1.5641732953289167,0.7820866476644583
B0018,63,105.9744867846583,3.9152006534307926,3.804566034830666,3.701018076243516,-0.3611668366191552,244.11000000000013,1.260698741495721,2.00797044075158,4.930653055698759,28.22669097638993,8.859856636944736,0.3430482417153705,0.07121388882505807,3.2253402743165087,3.9110478129365966,1.5556182721939218,0.7778091360969609
B0018,64,106.6780509518367,3.913116917372877,3.802064323614306,3.697363650798049,-0.3634837734812977,233.14100000000013,1.2630910046266601,2.0079717553053205,4.940115421459652,28.191906224238853,8.82813833289897,0.33852822428132096,0.071686771392139,3.2224980506174816,3.9111318213526767,1.5402045278637395,0.7701022639318698
B0018,65,108.54182709478657,3.9087462299644913,3.797700455517579,3.6923314868666046,-0.3635233917484743,222.063,1.2646861394953943,2.007690159101148,4.957927940082559,28.01962156307156,8.920258102319712,0.31374677336212076,0.07291875717717371,3.2090159514656937,3.920283290256313,1.5321613015959863,0.7660806507979931
B0018,66,106.80731799077036,3.9118285326208193,3.799377799390253,3.692737839163456,-0.3656746962774938,222.95300000000003,1.2705606421068685,2.0076194800785987,4.946226964475223,28.00135867207501,8.818480656425482,0.3106750697556777,0.07174845629106053,3.2067364059808194,3.892948357249043,1.5316232403693415,0.7658116201846707
B0018,67,107.5605862177609,3.909340595069126,3.796550718512606,3.6887156321664745,-0.36821129448896756,211.48400000000004,1.2715551507058882,2.0080715461371508,4.970737703213462,27.906962893266,8.87113526969246,0.29530879291013534,0.07228701222744031,3.1985969055053594,3.9091797948787503,1.5222595950771978,0.7611297975385989
B0018,68,109.3014000912085,3.9048336290391026,3.791547348949802,3.6868189308485606,-0.37100600211570733,212.0,1.2488006400359892,2.008308171462195,4.976480535617128,27.83324498955772,9.015506081141368,0.27703945597536245,0.07347425401066252,3.191644686892341,3.985007995730776,1.5065267126851285,0.7532633563425642
B0018,69,108.5587271752615,3.9055073622591223,3.7913455413466903,3.684936246089672,-0.3729220019739073,213.51600000000008,1.256402406735468,2.0079909785166636,4.953035323590221,27.84317572066279,8.932240165716017,0.28489158082038735,0.07295196710421066,3.194782818922849,3.942236418075462,1.5014219556532926,0.7507109778266463
B0018,70,110.46446652820799,3.9015985449130257,3.787481634227279,3.680693018600005,-0.37240893048760854,201.62500000000003,1.256230223371324,2.00829093865403,4.9903912023277,27.75724786731825,8.969177241050645,0.26979381998869506,0.07425481264414353,3.1867327846664253,3.972513245967822,1.4963534117486457,0.7481767058743228
B0018,71,107.92609854968445,3.9094931499441166,3.7979096606494007,3.6924121734383455,-0.36599047149484665,214.375,1.263557092273447,2.008037302941127,4.980105464637518,28.00912953623647,8.896505562927327,0.3063300816312035,0.07253018417196509,3.2054698717147256,3.941337906368042,1.5334262000312422,0.7667131000156211
B0018,72,107.13271337594279,3.910562169219435,3.797950189835372,3.6906914946748786,-0.3693019643946786,214.953,1.2657178652658854,2.008048140586603,4.932966624373599,28.3418919868934,8.827117628226004,0.36794894636259584,0.07199777821988516,3.237304200497071,3.8973666721037756,1.523845267514426,0.761922633757213
B0018,73,109.70356000010732,3.9043433764886903,3.790714740155755,3.6827165266936426,-0.37268591740728185,203.26500000000013,1.2663822883326215,2.008243957641467,4.91218367339356,28.36857750277101,8.81443661680916,0.38436281609345563,0.07373987696211617,3.2453111592463126,3.878910593309997,1.501192099426124,0.750596049713062
B0018,74,108.75742526003718,3.904673384817786,3.790052738027902,3.6840754806308538,-0.3756405006401916,204.20300000000003,1.2463216613040549,2.008073832631337,4.933894836519926,28.25778394404223,8.971697434411135,0.3472404541379232,0.07309152459693984,3.2290220837782897,3.9587652126317687,1.492417671450291,0.7462088357251455
B0018,75,109.6119172137323,3.9025904401751617,3.7872143941174774,3.68059875662866,-0.37677112096368176,192.64100000000002,1.2479345947435438,2.007845606878267,4.885010794837736,28.01444924676449,8.892306551082525,0.31457413120255623,0.07364905065063118,3.211450910490811,3.91447662034053,1.483323851940123,0.7416619259700615
B0018,76,109.44148272481176,3.9028416826172467,3.7872606373383944,3.679412292163908,-0.37802481386807574,193.09300000000002,1.2511361121187108,2.008341172909728,4.943352021198489,28.00420448413145,8.955113925309377,0.3102639010003433,0.07357083777202332,3.208663208164002,3.9510905115089923,1.4807376792294196,0.7403688396147098
B0018,77,110.12190625469854,3.900407515338775,3.784122496628416,3.6751274816298216,-0.3801828506201183,193.797,1.256145259637815,2.008534766188918,4.941044976536116,28.092133493537172,8.955894352812638,0.3297387342494781,0.07404251757218239,3.2178121137896487,3.93349808760236,1.4735077809902477,0.7367538904951239
B0018,78,109.3186711046807,3.901944142048789,3.7855917068156892,3.6758797496341193,-0.3815565273491251,193.96899999999997,1.2572888766068555,2.0087125604014893,4.917114373886758,28.36132596983583,8.848547635574459,0.3752264145154077,0.07351546079298815,3.241778487407838,3.910886722514369,1.46801928526661,0.734009642633305
B0018,79,110.34713084285926,3.8987509146593635,3.781280020559825,3.670987610668334,-0.3837951476060829,194.468,1.2578576693536785,2.0081358780382654,4.9420785903262825,28.18787143355986,8.919645423686802,0.34954690016045975,0.07416448511979987,3.227933928409317,3.928964866800595,1.458092355711902,0.729046177855951
B0018,80,112.93032937907996,3.8923433373928873,3.77454698348275,3.6638798841108535,-0.3832022107120479,170.82800000000003,1.2607807426692699,2.0080528003622913,4.983287761816346,27.94293111370667,8.941410311405669,0.3107917358803681,0.07589437706096386,3.2069085089399256,3.9525411462630267,1.44786609888914,0.72393304944457
B0018,81,108.89617583884267,3.8992595707634767,3.7798805825571344,3.667645656830453,-0.3850818319587866,183.578,1.265796350760192,2.007518524331985,5.057875470359377,27.799588593107018,9.056247295688172,0.2754681147577131,0.07314430220864683,3.1882358799335173,3.995805065579308,1.4527808777541982,0.7263904388770991
B0018,82,111.62206593293536,3.8937019098347285,3.7744085766607594,3.665447304450984,-0.38840128860022477,171.656,1.2418700529070716,2.008548655976945,4.990625889001688,27.8318961309014,9.073731907826476,0.28098063461689876,0.07505221593050286,3.1938110572822813,4.0186377611081125,1.4425356364492432,0.7212678182246216
B0018,83,111.60145118990394,3.894798257087653,3.775699287895732,3.665351864559234,-0.38943742200321874,172.23399999999998,1.2460891150642628,2.008208037845265,4.949008447170481,28.11344034250036,9.006492141464738,0.33340810548574423,0.07501290654993237,3.220820013857389,3.971632836962269,1.4392712877203313,0.7196356438601657
B0018,84,111.19471829873864,3.894585873652442,3.775290796967638,3.664456162627173,-0.39113794997460827,172.60999999999996,1.2478154624630653,2.008489015314411,4.919298315898498,28.32006752219327,8.94701315165432,0.37072805160109945,0.07476043682139731,3.2403811164325407,3.9423283841893464,1.4286475681888218,0.7143237840944109
B0018,85,113.31783129710684,3.8896161420256696,3.7699807938314533,3.658609376033677,-0.3904064217982703,173.078,1.2488800779365952,2.0079721860943187,4.998121177897719,28.12966072087945,9.064809632985432,0.338087187569209,0.07614868175732194,3.2226455729553716,4.0020825587638775,1.4249026750004896,0.7124513375002448
B0018,86,109.78679222344364,3.900425995990191,3.783942325904583,3.673705022766764,-0.3828623287526637,198.07799999999997,1.256395591327567,2.0080652135870065,4.989540732426992,28.108568827966018,8.960407830472226,0.3274404659523781,0.0737826876636809,3.216641411404481,3.9713134675638324,1.4698115324524124,0.7349057662262062
B0018,87,110.5310858958737,3.8977788254269337,3.7799544035841546,3.668619386472538,-0.3864877481488169,185.95300000000003,1.2580100964034149,2.007983187661609,4.958740620801269,28.242307976240287,8.935570037286869,0.3576752158967881,0.07427682491270846,3.232025832697867,3.941733563965861,1.4525819651050202,0.7262909825525101
B0018,88,111.5567810917539,3.8941719350462405,3.7748981019087773,3.6623541100301513,-0.3897218071625002,174.344,1.2597761774018192,2.0081036186933265,4.941396708795473,27.99157905685411,8.907248067137886,0.3212611601323763,0.07497508410252471,3.2125585709255424,3.9224401901190746,1.4428341989087938,0.7214170994543969
B0018,89,112.5380780612513,3.8906409350786397,3.7701346705951355,3.656584170554196,-0.39460762935928595,162.469,1.2629947544526436,2.0077392597299113,4.998183158785064,27.808853369832423,8.977141116268852,0.2917248509873747,0.07560714975068326,3.19655121049596,3.9574061104879057,1.4283760588079488,0.7141880294039744
B0018,90,115.40330806713378,3.8836176727391476,3.7627754680095076,3.649256686790713,-0.3952496264122252,150.047,1.261333574307043,2.007989059282028,5.00234721027471,27.516740869781408,8.956282175947726,0.24521127535016476,0.07755140889508438,3.172366156349876,3.9659193350362703,1.4154547844370715,0.7077273922185358
B0018,91,108.8940542544522,3.8993889208954204,3.7802584906551777,3.6697961769615226,-0.3922330095371198,188.32799999999997,1.2463307146689244,2.008643752568641,5.021807253439857,28.19233746206825,9.090530129408023,0.33549321206233124,0.07322489433713157,3.2222290995129845,4.029273445911866,1.454576670077708,0.727288335038854
B0018,92,112.12826627176047,3.8928040077855908,3.7732801303365386,3.662119090750094,-0.39571440808958114,163.25,1.2456171562585905,2.008144633333946,4.920336327067236,28.23984299709574,8.940047185271851,0.35856277092064653,0.075362246263675,3.2340853517984516,3.9501192660562334,1.4283179548274056,0.7141589774137028
B0018,93,112.2912983751415,3.891639126030078,3.7714267110607422,3.6589006677406193,-0.39808395965498833,163.813,1.2486654909497132,2.008083738737654,4.931126918343075,28.39806303040455,8.970477889483023,0.3840949776079569,0.07546724424257997,3.2469507414042016,3.949117641260788,1.4197026883204058,0.7098513441602029
B0018,94,112.06741540555466,3.891914995116407,3.771367713220882,3.6576802192996287,-0.39960967996408886,164.406,1.2518222699942094,2.00874461447703,4.930107359439166,28.47411303859011,8.912579563237278,0.39941340784945956,0.07536636276626951,3.2546882475908085,3.9383445059353126,1.4155606630306516,0.7077803315153258
B0018,95,114.69056507942996,3.8852647947565457,3.764266952059773,3.650205276439515,-0.39959704817355596,164.797,1.2521323574887224,2.0079841374341885,4.995906040966926,28.202984871294237,9.03209066444585,0.3544085733219046,0.07707206539502547,3.2303802494486122,3.9899184867218978,1.405680035419228,0.702840017709614
B0018,96,112.941004398042,3.8891178813002356,3.767884478028254,3.652927276949472,-0.4011469349573969,164.937,1.2555515228749556,2.0081546248595865,4.952910388256292,28.258747969061915,8.936121923039694,0.3649027963171797,0.07590924900350894,3.235560516228817,3.9448085546622114,1.4084461071166137,0.7042230535583068
B0018,97,113.50956052945297,3.886481678640824,3.7640974820679496,3.648185283146937,-0.4037794379085304,165.51500000000001,1.2575080009137762,2.0082366395823597,4.984610005934464,28.26311812958887,8.963579172800435,0.36782096486285343,0.07629761536943996,3.236564854057907,3.9638793568807236,1.3968547782872414,0.6984273891436207
B0018,98,113.69785359902244,3.8850519453558996,3.761857692321958,3.645061666802453,-0.40527371323287814,153.10899999999998,1.2603295240822057,2.008512024482146,4.9827170531631,28.27454738141729,8.935461167743078,0.3712726263362463,0.07644514132962398,3.237876620259918,3.953503395702487,1.3935670371440676,0.6967835185720338
B0018,99,113.6920941538759,3.885293805838873,3.7617327650103105,3.6472270388293886,-0.4073951167762044,154.235,1.244044943790045,2.0086774269801775,4.917304809118324,28.347467855712647,8.952446038384243,0.38149650803083873,0.07645385945901832,3.245731610438595,3.952674566674022,1.3893644292809475,0.6946822146404737
B0018,100,115.27158899831032,3.880944421728096,3.7577954885276927,3.64193915109384,-0.40626908570151965,142.344,1.2510647389048277,2.0083839501223117,5.015707750606293,28.303801617147503,9.050720667128573,0.37288241298486474,0.07749336391923103,3.2397958595256036,4.009151241043692,1.3785651415666709,0.6892825707833354
B0018,101,114.30804114376718,3.8836291319634113,3.760209702893931,3.644928671781923,-0.40877063956262205,154.438,1.2441337762104556,2.008435948837701,4.968605428234859,28.25515258371091,9.023334663951063,0.36127165219307195,0.0768495810801222,3.2350128986694138,3.993626347295934,1.384901110085747,0.6924505550428735
B0018,102,116.03471238966496,3.8791566044335255,3.754581086708115,3.639480344054298,-0.4107689672718409,141.547,1.2423855910488655,2.009050858886779,4.982211928616625,28.20231647748497,9.054568226795858,0.3548435345864879,0.07805820168781043,3.2316663649881483,4.010197771539242,1.3703251814242443,0.6851625907121222
B0018,103,114.4218997570957,3.8814870685726133,3.756416969786034,3.6400496117788856,-0.4121967697231481,141.96900000000002,1.2461600420198489,2.0082644851461398,4.969520443820738,28.352353423592987,9.011021506078546,0.38006026834869805,0.07691299443401356,3.244440385454681,3.98786694826601,1.3733464385229082,0.6866732192614541
B0018,104,115.21146903495467,3.8806531699221654,3.7555147409988137,3.6381983755661182,-0.4135743963233876,141.985,1.248040845008983,2.008285324729922,4.951415319822242,28.41942004310524,8.96201506377325,0.39475684479659684,0.07744534045839838,3.251725351198534,3.967350379295161,1.3679487285504814,0.6839743642752407
B0018,105,117.11705898147083,3.8756804820376667,3.7505204158706125,3.633409838299564,-0.4123682818547444,142.672,1.249216094933715,2.008356463110145,5.046053515889518,28.36849711446675,9.060894176573592,0.3818432976078515,0.07873185863293587,3.2444806876609413,4.0393760025620455,1.3567141087089647,0.6783570543544823
B0018,106,111.1941897546446,3.898166839836547,3.781070106092793,3.668065261724253,-0.3904354011648154,181.70300000000003,1.2614059936718593,2.0084019563583424,4.958417065446948,27.43243563977972,8.923004033415204,0.22365590702461338,0.07475360057568525,3.161953273357472,3.9308653124545283,1.4604310209194575,0.7302155104597288
B0018,107,110.44785995394473,3.899383190912919,3.7816548977840863,3.667322086026152,-0.39357578651416675,182.29699999999997,1.26500558329243,2.0085240698335056,4.928263580912375,28.010807709883732,8.859367970248032,0.32333411399588324,0.07426088766938853,3.213155819208455,3.895843343304133,1.4500998937104097,0.7250499468552049
B0018,108,110.28871387951158,3.898973132344807,3.7804046680065224,3.669041510131948,-0.3978732693790796,182.60899999999995,1.2404706410051134,2.008135863027776,4.8898663794562545,28.39469067701579,8.92580598926009,0.3790305672011532,0.07412522187609975,3.246123882277856,3.9419444667341366,1.4381406901824496,0.7190703450912248
B0018,109,110.87427512518978,3.897163411057959,3.7779001000869536,3.663301489869136,-0.40002257863615576,179.25,1.251461719960156,2.007615088387634,4.869279850726354,28.24029610167768,8.825263538907633,0.3611077158326495,0.07448013327873301,3.234627816474297,3.8908739860467976,1.4283681980964316,0.7141840990482158
B0018,110,112.7352372308363,3.8916147836842603,3.7713646767935947,3.6581646136810457,-0.4035285283815799,169.985,1.2410433936491583,2.0080282382934134,4.9109260195871975,27.994376335037327,8.949285220747747,0.3182291422255757,0.07576141273297485,3.21313967812471,3.9570945260400068,1.4147874517552432,0.7073937258776216
B0018,111,112.40884853151053,3.891698355516338,3.7712106180933476,3.65444954041444,-0.40327142550399375,166.625,1.2572376905571492,2.0077807000350614,4.9122934775196505,27.81985422515268,8.847571481324492,0.2952238209979557,0.07552344623418408,3.1990083615706735,3.907211432185708,1.4138891633931818,0.7069445816965909
B0018,112,113.52468575778575,3.887912321476117,3.766279769517944,3.6514332129461495,-0.40748139080108253,157.953,1.244805827534448,2.0082307112467377,4.93700266247264,27.89950255103784,8.990233904593065,0.30419260305870127,0.07630733155797194,3.205122383724284,3.966082543372425,1.3989331662177225,0.6994665831088612
B0018,113,112.5142464524513,3.8908759579284524,3.769545871904141,3.6530644725569994,-0.40826696543039953,171.438,1.2497944821998201,2.008497480278635,4.885648059885497,28.34826437565209,8.867190274740238,0.38122396425405225,0.07564824341773818,3.2451161823045074,3.9091611696717092,1.3953322584033976,0.6976661292016988
B0018,114,112.24694817615196,3.892051844391337,3.7703371996976256,3.653174788699157,-0.41009526146472974,171.75,1.251677643033645,2.008444091032008,4.88373084333152,28.807547596464484,8.875208909751837,0.4589947506568521,0.07546451500099118,3.286132468701524,3.9017480822738047,1.390046129540245,0.6950230647701225
B0018,115,113.78432786721196,3.886990619613466,3.76467085146585,3.6473466273711055,-0.410632306296204,158.5,1.2515913927720277,2.0079963673633885,4.9438168050677795,28.60681627616032,8.948557067479706,0.4268055590349646,0.07646400536620482,3.268500383350273,3.9500246115612874,1.3860271454209647,0.6930135727104824
B0018,116,110.49533016190493,3.8917138823961817,3.76743041740278,3.648812708702207,-0.4125450525984264,172.235,1.2550053782632922,2.00785254485652,5.046209636854069,28.210921252942228,9.09661171297711,0.3485608720690505,0.0742431353679509,3.2269721251909003,4.020866941492426,1.388215260193751,0.6941076300968755
B0018,117,114.54348749735244,3.884014282481065,3.760078663860009,3.6405688937660017,-0.4142734676563198,146.125,1.2559415141303953,2.00770302390923,4.960860651873858,28.010818373815788,8.923511174903496,0.3281565804862533,0.07695167858321166,3.215746664578147,3.949913746826596,1.3761826562394497,0.6880913281197248
B0018,118,115.38433374112037,3.880950766680787,3.7563848804597226,3.6365414842964463,-0.41583517005518045,146.625,1.2570588423028373,2.007760942453585,4.944882589264065,27.788766569066816,8.881161529210237,0.29447270181528046,0.0775210415861321,3.1980156151924684,3.9336922209666905,1.3647168898640163,0.6823584449320081
B0018,119,115.62245995550211,3.879766460647762,3.7542434265610414,3.638077302052753,-0.4190518541310873,133.625,1.2307903997515879,2.007152125216278,4.956441954357587,27.663146464488698,9.089870050846315,0.26239291327706615,0.07763392324853967,3.184326639090838,4.02703982364337,1.3589854739373584,0.6794927369686792
B0018,120,118.4805764235809,3.871987968442568,3.745516956156649,3.6296069011772913,-0.4184480799160153,136.734,1.2302031980429065,2.007531354899391,5.040806266672174,27.41342584036028,9.176608846572366,0.2211432255470187,0.0795830505243915,3.1623773186992445,4.097539556628891,1.34623087640088,0.67311543820044
B0018,121,109.73072491208761,3.896602636002055,3.775737189661272,3.6612960265343713,-0.4032823613960234,174.281,1.2445502043958272,2.008091287995771,5.056126822889052,27.441425799476537,9.134005030382063,0.20950480468288024,0.07374692253195776,3.156012856756959,4.062613790131168,1.4268427818454643,0.7134213909227322
B0018,122,113.06676191351889,3.890614763366794,3.7695190162995504,3.654507937226672,-0.4071054121935159,174.64000000000001,1.2446317162520675,2.0079590394576825,4.907585924062548,27.83199551912059,8.956172469902485,0.29235338753362555,0.0759789702156353,3.1990468962136966,3.943002464086851,1.4064481483279665,0.7032240741639832
B0018,123,112.71088986099205,3.890570721543581,3.768642276101078,3.65207911618008,-0.41046957303281817,174.93800000000002,1.24704746729196,2.007845175279869,4.88314032261972,28.01105250430573,8.891397909456433,0.32818954557486546,0.0757312405305673,3.217437446404943,3.915761388957999,1.3934907492075153,0.6967453746037576
B0018,124,113.15015470711087,3.8883895760804914,3.7656752662553985,3.6480901837547246,-0.41306386958140845,161.906,1.248633620008297,2.0075000204191675,4.894856849366018,27.961757593005625,8.866049462981618,0.3185967670357397,0.07600024957370724,3.212022242761912,3.920170633667138,1.3882493512249316,0.6941246756124658
B0018,125,115.65385244861196,3.8823270030133186,3.7589977695176624,3.6410446282656186,-0.41440321808351144,149.094,1.2492988688822964,2.007622745960868,4.928359485711887,27.795025808627216,8.936845978197159,0.2947255377803293,0.07769142162554163,3.199265362213341,3.944900302456142,1.3701878338420928,0.6850939169210464
B0018,126,114.52248462674416,3.8853031689117823,3.7621851699249143,3.6431768067232175,-0.41565082653422414,148.656,1.250905422078509,2.0080479742971367,4.960382548085448,27.824678798428,8.93425426268971,0.2912342203852017,0.07696400869443706,3.1972875646824668,3.965433725471634,1.379695166560862,0.689847583280431
B0018,127,114.33596508323568,3.8848107561869827,3.7613775661604314,3.641309852490276,-0.4174176264436092,149.203,1.2550550608768611,2.0085593761678324,4.917979351035882,28.12069792724809,8.895612189552669,0.3463772104334124,0.07687780250971463,3.2254537349351935,3.918536727464267,1.3686586323935683,0.6843293161967842
B0018,128,113.7580181745267,3.8861198969966035,3.7622234470431346,3.641342742017933,-0.41880942050058045,149.516,1.2574949058245948,2.0087907156335083,4.893933727030856,28.64078864979621,8.855388466263003,0.4397516208425287,0.07650682018257385,3.2740879109805907,3.8918119702613727,1.3627371779096438,0.6813685889548219
B0018,129,113.76951085812604,3.8866940797847316,3.7632141458215833,3.641757637214965,-0.420005989068936,163.17200000000003,1.2573867442148685,2.0083260609323457,4.832630699684973,28.895112342582483,8.723645147812693,0.4855852134813294,0.07647915630466069,3.2984551339667463,3.8433924342844423,1.3634051133928071,0.6817025566964036
B0018,130,117.03985612744759,3.8781161623184777,3.7534820307539163,3.6319169257131945,-0.42031878826328833,150.04700000000003,1.257667129027475,2.007896087633377,4.931022466371182,28.520220074048645,8.830544850825646,0.4229471526088224,0.07864389159607646,3.2645798334339164,3.9207691387976626,1.3518646035305233,0.6759323017652616
B0018,131,114.95036132654339,3.8825991141419607,3.7578545935231547,3.639275287229233,-0.42348589705972023,150.641,1.2350490346284875,2.0077067147459307,4.927956183006863,28.349080985067573,8.995238374474896,0.37898083530399573,0.07722530519728381,3.2457164093967887,3.9900894983406316,1.3547969729652622,0.6773984864826311
B0018,132,115.85070767347064,3.8787265346833117,3.752221532558737,3.633777610683057,-0.4259465209070717,150.53099999999998,1.2337166729944582,2.0078158623726683,4.903625411732509,28.040135429495148,8.97587936047902,0.33241783787799306,0.07783863341591703,3.2207777187911613,3.974677102993595,1.3410514406404852,0.6705257203202426
